country_region_code,country_region,sub_region_1,sub_region_2,metro_area,iso_3166_2_code,census_fips_code,place_id,date,retail_and_recreation_percent_change_from_baseline,grocery_and_pharmacy_percent_change_from_baseline,parks_percent_change_from_baseline,transit_stations_percent_change_from_baseline,workplaces_percent_change_from_baseline,residential_percent_change_from_baseline
TJ,Tajikistan,,,,,,ChIJzbO8enN2sTgRtYgZT4QxwyU,2021-01-01,-39,-33,-33,-44,-67,23
TJ,Tajikistan,,,,,,ChIJzbO8enN2sTgRtYgZT4QxwyU,2021-01-02,-21,-16,-25,-30,-33,17
TJ,Tajikistan,,,,,,ChIJzbO8enN2sTgRtYgZT4QxwyU,2021-01-03,-12,-13,-16,-19,-20,12
TJ,Tajikistan,,,,,,ChIJzbO8enN2sTgRtYgZT4QxwyU,2021-01-04,-7,-1,-16,-22,-13,11
TJ,Tajikistan,,,,,,ChIJzbO8enN2sTgRtYgZT4QxwyU,2021-01-05,-10,-3,-19,-22,-14,10
TJ,Tajikistan,,,,,,ChIJzbO8enN2sTgRtYgZT4QxwyU,2021-01-06,-11,-1,-24,-25,-12,11
TJ,Tajikistan,,,,,,ChIJzbO8enN2sTgRtYgZT4QxwyU,2021-01-07,-11,-6,-25,-26,-14,12
TJ,Tajikistan,,,,,,ChIJzbO8enN2sTgRtYgZT4QxwyU,2021-01-08,-8,-4,-25,-23,-12,11
TJ,Tajikistan,,,,,,ChIJzbO8enN2sTgRtYgZT4QxwyU,2021-01-09,-5,-3,-25,-24,-10,10
TJ,Tajikistan,,,,,,ChIJzbO8enN2sTgRtYgZT4QxwyU,2021-01-10,-2,-4,-20,-22,-13,8
TJ,Tajikistan,,,,,,ChIJzbO8enN2sTgRtYgZT4QxwyU,2021-01-11,-4,-4,-17,-22,-7,7
TJ,Tajikistan,,,,,,ChIJzbO8enN2sTgRtYgZT4QxwyU,2021-01-12,-8,-4,-21,-22,-10,5
TJ,Tajikistan,,,,,,ChIJzbO8enN2sTgRtYgZT4QxwyU,2021-01-13,-11,-8,-26,-26,-11,5
TJ,Tajikistan,,,,,,ChIJzbO8enN2sTgRtYgZT4QxwyU,2021-01-14,-15,-16,-32,-28,-19,4
TJ,Tajikistan,,,,,,ChIJzbO8enN2sTgRtYgZT4QxwyU,2021-01-15,-16,-18,-32,-28,-20,3
TJ,Tajikistan,,,,,,ChIJzbO8enN2sTgRtYgZT4QxwyU,2021-01-16,-18,-19,-34,-33,-22,4
TJ,Tajikistan,,,,,,ChIJzbO8enN2sTgRtYgZT4QxwyU,2021-01-17,-15,-19,-31,-30,-26,4
TJ,Tajikistan,,,,,,ChIJzbO8enN2sTgRtYgZT4QxwyU,2021-01-18,-17,-18,-30,-29,-21,5
TJ,Tajikistan,,,,,,ChIJzbO8enN2sTgRtYgZT4QxwyU,2021-01-19,-17,-16,-33,-28,-19,4
TJ,Tajikistan,,,,,,ChIJzbO8enN2sTgRtYgZT4QxwyU,2021-01-20,-17,-13,-31,-29,-18,5
TJ,Tajikistan,,,,,,ChIJzbO8enN2sTgRtYgZT4QxwyU,2021-01-21,-16,-16,-30,-28,-18,4
TJ,Tajikistan,,,,,,ChIJzbO8enN2sTgRtYgZT4QxwyU,2021-01-22,-29,-31,-39,-39,-24,10
TJ,Tajikistan,,,,,,ChIJzbO8enN2sTgRtYgZT4QxwyU,2021-01-23,-21,-19,-38,-33,-19,11
TJ,Tajikistan,,,,,,ChIJzbO8enN2sTgRtYgZT4QxwyU,2021-01-24,-16,-15,-33,-26,-23,9
TJ,Tajikistan,,,,,,ChIJzbO8enN2sTgRtYgZT4QxwyU,2021-01-25,-14,-12,-26,-25,-11,6
TJ,Tajikistan,,,,,,ChIJzbO8enN2sTgRtYgZT4QxwyU,2021-01-26,-15,-12,-29,-26,-8,4
TJ,Tajikistan,,,,,,ChIJzbO8enN2sTgRtYgZT4QxwyU,2021-01-27,-15,-9,-31,-25,-8,5
TJ,Tajikistan,,,,,,ChIJzbO8enN2sTgRtYgZT4QxwyU,2021-01-28,-15,-12,-30,-22,-9,4
TJ,Tajikistan,,,,,,ChIJzbO8enN2sTgRtYgZT4QxwyU,2021-01-29,-13,-11,-33,-22,-8,3
TJ,Tajikistan,,,,,,ChIJzbO8enN2sTgRtYgZT4QxwyU,2021-01-30,-13,-9,-31,-23,-9,2
TJ,Tajikistan,,,,,,ChIJzbO8enN2sTgRtYgZT4QxwyU,2021-01-31,-13,-10,-31,-20,-24,4
TJ,Tajikistan,,,,,,ChIJzbO8enN2sTgRtYgZT4QxwyU,2021-02-01,-12,-9,-27,-18,-9,-1
TJ,Tajikistan,,,,,,ChIJzbO8enN2sTgRtYgZT4QxwyU,2021-02-02,-11,-7,-27,-21,-8,-2
TJ,Tajikistan,,,,,,ChIJzbO8enN2sTgRtYgZT4QxwyU,2021-02-03,-15,-9,-28,-24,-9,1
TJ,Tajikistan,,,,,,ChIJzbO8enN2sTgRtYgZT4QxwyU,2021-02-04,-17,-15,-26,-25,-13,1
TJ,Tajikistan,,,,,,ChIJzbO8enN2sTgRtYgZT4QxwyU,2021-02-05,-14,-13,-26,-24,-11,0
TJ,Tajikistan,,,,,,ChIJzbO8enN2sTgRtYgZT4QxwyU,2021-02-06,-14,-11,-26,-27,-11,1
TJ,Tajikistan,,,,,,ChIJzbO8enN2sTgRtYgZT4QxwyU,2021-02-07,-14,-14,-24,-26,-27,2
TJ,Tajikistan,,,,,,ChIJzbO8enN2sTgRtYgZT4QxwyU,2021-02-08,-13,-10,-22,-23,-9,-1
TJ,Tajikistan,,,,,,ChIJzbO8enN2sTgRtYgZT4QxwyU,2021-02-09,-13,-6,-24,-23,-7,-1
TJ,Tajikistan,,,,,,ChIJzbO8enN2sTgRtYgZT4QxwyU,2021-02-10,-14,-8,-27,-25,-7,1
TJ,Tajikistan,,,,,,ChIJzbO8enN2sTgRtYgZT4QxwyU,2021-02-11,-13,-9,-28,-25,-8,-1
TJ,Tajikistan,,,,,,ChIJzbO8enN2sTgRtYgZT4QxwyU,2021-02-12,-12,-8,-27,-24,-7,-2
TJ,Tajikistan,,,,,,ChIJzbO8enN2sTgRtYgZT4QxwyU,2021-02-13,-11,-7,-29,-27,-10,-2
TJ,Tajikistan,,,,,,ChIJzbO8enN2sTgRtYgZT4QxwyU,2021-02-14,-8,-5,-23,-24,-24,-1
TJ,Tajikistan,,,,,,ChIJzbO8enN2sTgRtYgZT4QxwyU,2021-02-15,-10,-6,-25,-27,-7,-3
TJ,Tajikistan,,,,,,ChIJzbO8enN2sTgRtYgZT4QxwyU,2021-02-16,-11,-5,-28,-25,-6,-4
TJ,Tajikistan,,,,,,ChIJzbO8enN2sTgRtYgZT4QxwyU,2021-02-17,-12,-3,-31,-22,-5,-2
TJ,Tajikistan,,,,,,ChIJzbO8enN2sTgRtYgZT4QxwyU,2021-02-18,-13,-6,-30,-25,-5,-2
TJ,Tajikistan,,,,,,ChIJzbO8enN2sTgRtYgZT4QxwyU,2021-02-19,-11,-6,-30,-22,-4,-2
TJ,Tajikistan,,,,,,ChIJzbO8enN2sTgRtYgZT4QxwyU,2021-02-20,-8,-2,-33,-29,-5,0
TJ,Tajikistan,,,,,,ChIJzbO8enN2sTgRtYgZT4QxwyU,2021-02-21,-10,-3,-30,-27,-23,1
TJ,Tajikistan,,,,,,ChIJzbO8enN2sTgRtYgZT4QxwyU,2021-02-22,-10,-1,-30,-26,-3,-1
TJ,Tajikistan,,,,,,ChIJzbO8enN2sTgRtYgZT4QxwyU,2021-02-23,-2,2,-25,-23,-2,-4
TJ,Tajikistan,,,,,,ChIJzbO8enN2sTgRtYgZT4QxwyU,2021-02-24,-19,-9,-37,-31,-4,2
TJ,Tajikistan,,,,,,ChIJzbO8enN2sTgRtYgZT4QxwyU,2021-02-25,-21,-16,-41,-32,-7,3
TJ,Tajikistan,,,,,,ChIJzbO8enN2sTgRtYgZT4QxwyU,2021-02-26,-16,-10,-35,-27,-4,1
TJ,Tajikistan,,,,,,ChIJzbO8enN2sTgRtYgZT4QxwyU,2021-02-27,-11,-4,-34,-30,-4,2
TJ,Tajikistan,,,,,,ChIJzbO8enN2sTgRtYgZT4QxwyU,2021-02-28,-7,-1,-27,-26,-19,1
TJ,Tajikistan,,,,,,ChIJzbO8enN2sTgRtYgZT4QxwyU,2021-03-01,-9,0,-26,-23,-3,-4
TJ,Tajikistan,,,,,,ChIJzbO8enN2sTgRtYgZT4QxwyU,2021-03-02,-8,0,-27,-24,-2,-5
TJ,Tajikistan,,,,,,ChIJzbO8enN2sTgRtYgZT4QxwyU,2021-03-03,-9,2,-28,-23,-2,-2
TJ,Tajikistan,,,,,,ChIJzbO8enN2sTgRtYgZT4QxwyU,2021-03-04,-7,2,-27,-21,-3,-2
TJ,Tajikistan,,,,,,ChIJzbO8enN2sTgRtYgZT4QxwyU,2021-03-05,-5,1,-23,-18,-2,-3
TJ,Tajikistan,,,,,,ChIJzbO8enN2sTgRtYgZT4QxwyU,2021-03-06,-4,6,-28,-23,-7,-2
TJ,Tajikistan,,,,,,ChIJzbO8enN2sTgRtYgZT4QxwyU,2021-03-07,-2,5,-25,-21,-20,0
TJ,Tajikistan,,,,,,ChIJzbO8enN2sTgRtYgZT4QxwyU,2021-03-08,-7,2,-23,-28,-51,5
TJ,Tajikistan,,,,,,ChIJzbO8enN2sTgRtYgZT4QxwyU,2021-03-09,-7,1,-24,-23,-2,-5
TJ,Tajikistan,,,,,,ChIJzbO8enN2sTgRtYgZT4QxwyU,2021-03-10,-10,1,-30,-24,-3,0
TJ,Tajikistan,,,,,,ChIJzbO8enN2sTgRtYgZT4QxwyU,2021-03-11,-9,0,-30,-21,-3,0
TJ,Tajikistan,,,,,,ChIJzbO8enN2sTgRtYgZT4QxwyU,2021-03-12,-8,-4,-26,-22,-2,-1
TJ,Tajikistan,,,,,,ChIJzbO8enN2sTgRtYgZT4QxwyU,2021-03-13,-9,0,-29,-29,-3,0
TJ,Tajikistan,,,,,,ChIJzbO8enN2sTgRtYgZT4QxwyU,2021-03-14,-18,-12,-35,-33,-26,6
TJ,Tajikistan,,,,,,ChIJzbO8enN2sTgRtYgZT4QxwyU,2021-03-15,-8,-1,-26,-26,-2,0
TJ,Tajikistan,,,,,,ChIJzbO8enN2sTgRtYgZT4QxwyU,2021-03-16,-7,2,-26,-22,-1,-2
TJ,Tajikistan,,,,,,ChIJzbO8enN2sTgRtYgZT4QxwyU,2021-03-17,-8,2,-24,-22,0,-1
TJ,Tajikistan,,,,,,ChIJzbO8enN2sTgRtYgZT4QxwyU,2021-03-18,-5,3,-24,-17,-4,-3
TJ,Tajikistan,,,,,,ChIJzbO8enN2sTgRtYgZT4QxwyU,2021-03-19,-5,4,-27,-17,-3,-3
TJ,Tajikistan,,,,,,ChIJzbO8enN2sTgRtYgZT4QxwyU,2021-03-20,-6,3,-27,-21,-12,-2
TJ,Tajikistan,,,,,,ChIJzbO8enN2sTgRtYgZT4QxwyU,2021-03-21,-5,-2,1,-16,-29,-2
TJ,Tajikistan,,,,,,ChIJzbO8enN2sTgRtYgZT4QxwyU,2021-03-22,-19,-12,-15,-32,-53,6
TJ,Tajikistan,,,,,,ChIJzbO8enN2sTgRtYgZT4QxwyU,2021-03-23,-23,-14,-32,-32,-48,4
TJ,Tajikistan,,,,,,ChIJzbO8enN2sTgRtYgZT4QxwyU,2021-03-24,-16,-8,-27,-28,-42,3
TJ,Tajikistan,,,,,,ChIJzbO8enN2sTgRtYgZT4QxwyU,2021-03-25,-15,-6,-29,-25,-39,3
TJ,Tajikistan,,,,,,ChIJzbO8enN2sTgRtYgZT4QxwyU,2021-03-26,-9,0,-29,-21,-13,0
TJ,Tajikistan,,,,,,ChIJzbO8enN2sTgRtYgZT4QxwyU,2021-03-27,-16,-6,-34,-31,-14,3
TJ,Tajikistan,,,,,,ChIJzbO8enN2sTgRtYgZT4QxwyU,2021-03-28,-16,-9,-34,-26,-23,4
TJ,Tajikistan,,,,,,ChIJzbO8enN2sTgRtYgZT4QxwyU,2021-03-29,-10,-1,-27,-23,-7,-1
TJ,Tajikistan,,,,,,ChIJzbO8enN2sTgRtYgZT4QxwyU,2021-03-30,-5,4,-22,-19,-5,-3
TJ,Tajikistan,,,,,,ChIJzbO8enN2sTgRtYgZT4QxwyU,2021-03-31,-9,6,-28,-20,-5,-2
TJ,Tajikistan,,,,,,ChIJzbO8enN2sTgRtYgZT4QxwyU,2021-04-01,-8,3,-29,-20,-3,-2
TJ,Tajikistan,,,,,,ChIJzbO8enN2sTgRtYgZT4QxwyU,2021-04-02,-5,4,-22,-17,-1,-3
TJ,Tajikistan,,,,,,ChIJzbO8enN2sTgRtYgZT4QxwyU,2021-04-03,-3,5,-20,-22,-3,-2
TJ,Tajikistan,,,,,,ChIJzbO8enN2sTgRtYgZT4QxwyU,2021-04-04,-15,-5,-34,-28,-23,4
TJ,Tajikistan,,,,,,ChIJzbO8enN2sTgRtYgZT4QxwyU,2021-04-05,-2,11,-17,-19,1,-3
TJ,Tajikistan,,,,,,ChIJzbO8enN2sTgRtYgZT4QxwyU,2021-04-06,-3,7,-21,-17,1,-4
TJ,Tajikistan,,,,,,ChIJzbO8enN2sTgRtYgZT4QxwyU,2021-04-07,-7,6,-22,-17,-2,-2
TJ,Tajikistan,,,,,,ChIJzbO8enN2sTgRtYgZT4QxwyU,2021-04-08,-5,4,-23,-15,-3,-2
TJ,Tajikistan,,,,,,ChIJzbO8enN2sTgRtYgZT4QxwyU,2021-04-09,-5,3,-22,-9,-2,-2
TJ,Tajikistan,,,,,,ChIJzbO8enN2sTgRtYgZT4QxwyU,2021-04-10,-4,5,-22,-16,-6,-2
TJ,Tajikistan,,,,,,ChIJzbO8enN2sTgRtYgZT4QxwyU,2021-04-11,-2,5,-18,-18,-22,-2
TJ,Tajikistan,,,,,,ChIJzbO8enN2sTgRtYgZT4QxwyU,2021-04-12,1,16,-19,-11,1,-4
TJ,Tajikistan,,,,,,ChIJzbO8enN2sTgRtYgZT4QxwyU,2021-04-13,-18,3,-33,-19,-1,1
TJ,Tajikistan,,,,,,ChIJzbO8enN2sTgRtYgZT4QxwyU,2021-04-14,-16,3,-30,-20,-2,2
TJ,Tajikistan,,,,,,ChIJzbO8enN2sTgRtYgZT4QxwyU,2021-04-15,-15,0,-29,-16,-2,2
TJ,Tajikistan,,,,,,ChIJzbO8enN2sTgRtYgZT4QxwyU,2021-04-16,-14,-1,-27,-13,0,2
TJ,Tajikistan,,,,,,ChIJzbO8enN2sTgRtYgZT4QxwyU,2021-04-17,-13,2,-27,-20,-2,3
TJ,Tajikistan,,,,,,ChIJzbO8enN2sTgRtYgZT4QxwyU,2021-04-18,-14,2,-32,-22,-20,6
TJ,Tajikistan,,,,,,ChIJzbO8enN2sTgRtYgZT4QxwyU,2021-04-19,-12,5,-24,-16,1,0
TJ,Tajikistan,,,,,,ChIJzbO8enN2sTgRtYgZT4QxwyU,2021-04-20,-12,3,-29,-14,1,0
TJ,Tajikistan,,,,,,ChIJzbO8enN2sTgRtYgZT4QxwyU,2021-04-21,-15,4,-33,-18,1,3
TJ,Tajikistan,,,,,,ChIJzbO8enN2sTgRtYgZT4QxwyU,2021-04-22,-14,3,-30,-18,0,2
TJ,Tajikistan,,,,,,ChIJzbO8enN2sTgRtYgZT4QxwyU,2021-04-23,-14,1,-28,-13,0,1
TJ,Tajikistan,,,,,,ChIJzbO8enN2sTgRtYgZT4QxwyU,2021-04-24,-13,4,-29,-21,-1,3
TJ,Tajikistan,,,,,,ChIJzbO8enN2sTgRtYgZT4QxwyU,2021-04-25,-13,1,-30,-25,-21,5
TJ,Tajikistan,,,,,,ChIJzbO8enN2sTgRtYgZT4QxwyU,2021-04-26,-13,3,-27,-19,1,1
TJ,Tajikistan,,,,,,ChIJzbO8enN2sTgRtYgZT4QxwyU,2021-04-27,-14,2,-28,-17,-1,0
TJ,Tajikistan,,,,,,ChIJzbO8enN2sTgRtYgZT4QxwyU,2021-04-28,-16,3,-28,-20,-1,2
TJ,Tajikistan,,,,,,ChIJzbO8enN2sTgRtYgZT4QxwyU,2021-04-29,-16,1,-30,-19,-3,2
TJ,Tajikistan,,,,,,ChIJzbO8enN2sTgRtYgZT4QxwyU,2021-04-30,-13,1,-27,-16,-2,1
TJ,Tajikistan,,,,,,ChIJzbO8enN2sTgRtYgZT4QxwyU,2021-05-01,-12,7,-29,-18,-3,2
TJ,Tajikistan,,,,,,ChIJzbO8enN2sTgRtYgZT4QxwyU,2021-05-02,-11,5,-28,-19,-17,3
TJ,Tajikistan,,,,,,ChIJzbO8enN2sTgRtYgZT4QxwyU,2021-05-03,-9,10,-23,-16,-1,0
TJ,Tajikistan,,,,,,ChIJzbO8enN2sTgRtYgZT4QxwyU,2021-05-04,-11,7,-27,-14,-1,0
TJ,Tajikistan,,,,,,ChIJzbO8enN2sTgRtYgZT4QxwyU,2021-05-05,-12,9,-31,-17,-1,1
TJ,Tajikistan,,,,,,ChIJzbO8enN2sTgRtYgZT4QxwyU,2021-05-06,-9,9,-27,-12,-2,1
TJ,Tajikistan,,,,,,ChIJzbO8enN2sTgRtYgZT4QxwyU,2021-05-07,-8,6,-26,-9,1,0
TJ,Tajikistan,,,,,,ChIJzbO8enN2sTgRtYgZT4QxwyU,2021-05-08,-8,11,-30,-17,-2,1
TJ,Tajikistan,,,,,,ChIJzbO8enN2sTgRtYgZT4QxwyU,2021-05-09,-9,6,-25,-20,-17,3
TJ,Tajikistan,,,,,,ChIJzbO8enN2sTgRtYgZT4QxwyU,2021-05-10,-15,4,-40,-26,-42,9
TJ,Tajikistan,,,,,,ChIJzbO8enN2sTgRtYgZT4QxwyU,2021-05-11,-4,21,-30,-5,0,-2
TJ,Tajikistan,,,,,,ChIJzbO8enN2sTgRtYgZT4QxwyU,2021-05-12,-5,34,-31,-1,-12,-1
TJ,Tajikistan,,,,,,ChIJzbO8enN2sTgRtYgZT4QxwyU,2021-05-13,-28,-21,-21,-26,-74,1
TJ,Tajikistan,,,,,,ChIJzbO8enN2sTgRtYgZT4QxwyU,2021-05-14,-12,-2,-23,-13,-19,-2
TJ,Tajikistan,,,,,,ChIJzbO8enN2sTgRtYgZT4QxwyU,2021-05-15,-8,2,-22,-13,-14,0
TJ,Tajikistan,,,,,,ChIJzbO8enN2sTgRtYgZT4QxwyU,2021-05-16,-2,7,-12,-12,-16,-1
TJ,Tajikistan,,,,,,ChIJzbO8enN2sTgRtYgZT4QxwyU,2021-05-17,2,14,-15,-6,-2,-3
TJ,Tajikistan,,,,,,ChIJzbO8enN2sTgRtYgZT4QxwyU,2021-05-18,-1,13,-15,-5,-2,-3
TJ,Tajikistan,,,,,,ChIJzbO8enN2sTgRtYgZT4QxwyU,2021-05-19,-2,12,-21,-8,-3,-1
TJ,Tajikistan,,,,,,ChIJzbO8enN2sTgRtYgZT4QxwyU,2021-05-20,-1,9,-21,-14,-5,-1
TJ,Tajikistan,,,,,,ChIJzbO8enN2sTgRtYgZT4QxwyU,2021-05-21,2,9,-18,-10,-2,-1
TJ,Tajikistan,,,,,,ChIJzbO8enN2sTgRtYgZT4QxwyU,2021-05-22,2,11,-17,-14,-3,-1
TJ,Tajikistan,,,,,,ChIJzbO8enN2sTgRtYgZT4QxwyU,2021-05-23,2,7,-14,-17,-15,1
TJ,Tajikistan,,,,,,ChIJzbO8enN2sTgRtYgZT4QxwyU,2021-05-24,4,13,-14,-14,-1,-2
TJ,Tajikistan,,,,,,ChIJzbO8enN2sTgRtYgZT4QxwyU,2021-05-25,1,10,-16,-12,-3,-1
TJ,Tajikistan,,,,,,ChIJzbO8enN2sTgRtYgZT4QxwyU,2021-05-26,-2,11,-19,-11,-4,-1
TJ,Tajikistan,,,,,,ChIJzbO8enN2sTgRtYgZT4QxwyU,2021-05-27,1,11,-17,-10,-6,-1
TJ,Tajikistan,,,,,,ChIJzbO8enN2sTgRtYgZT4QxwyU,2021-05-28,3,10,-14,-11,-5,-1
TJ,Tajikistan,,,,,,ChIJzbO8enN2sTgRtYgZT4QxwyU,2021-05-29,3,13,-11,-14,-8,-1
TJ,Tajikistan,,,,,,ChIJzbO8enN2sTgRtYgZT4QxwyU,2021-05-30,0,7,-14,-19,-18,-1
TJ,Tajikistan,,,,,,ChIJzbO8enN2sTgRtYgZT4QxwyU,2021-05-31,5,15,-9,-13,-5,-2
TJ,Tajikistan,,,,,,ChIJzbO8enN2sTgRtYgZT4QxwyU,2021-06-01,10,17,3,-8,-8,-6
TJ,Tajikistan,,,,,,ChIJzbO8enN2sTgRtYgZT4QxwyU,2021-06-02,6,19,-9,-9,-8,-3
TJ,Tajikistan,,,,,,ChIJzbO8enN2sTgRtYgZT4QxwyU,2021-06-03,4,16,-8,-14,-9,-2
TJ,Tajikistan,,,,,,ChIJzbO8enN2sTgRtYgZT4QxwyU,2021-06-04,8,16,-3,-11,-6,-1
TJ,Tajikistan,,,,,,ChIJzbO8enN2sTgRtYgZT4QxwyU,2021-06-05,5,18,-6,-15,-9,-2
TJ,Tajikistan,,,,,,ChIJzbO8enN2sTgRtYgZT4QxwyU,2021-06-06,2,11,-7,-18,-19,-1
TJ,Tajikistan,,,,,,ChIJzbO8enN2sTgRtYgZT4QxwyU,2021-06-07,6,20,2,-14,-8,-3
TJ,Tajikistan,,,,,,ChIJzbO8enN2sTgRtYgZT4QxwyU,2021-06-08,7,18,-2,-10,-9,-3
TJ,Tajikistan,,,,,,ChIJzbO8enN2sTgRtYgZT4QxwyU,2021-06-09,3,19,-7,-16,-10,-2
TJ,Tajikistan,,,,,,ChIJzbO8enN2sTgRtYgZT4QxwyU,2021-06-10,3,15,-7,-16,-12,-2
TJ,Tajikistan,,,,,,ChIJzbO8enN2sTgRtYgZT4QxwyU,2021-06-11,3,12,-7,-15,-13,0
TJ,Tajikistan,,,,,,ChIJzbO8enN2sTgRtYgZT4QxwyU,2021-06-12,-1,10,-10,-22,-16,0
TJ,Tajikistan,,,,,,ChIJzbO8enN2sTgRtYgZT4QxwyU,2021-06-13,-1,7,-10,-21,-21,0
TJ,Tajikistan,,,,,,ChIJzbO8enN2sTgRtYgZT4QxwyU,2021-06-14,5,17,-2,-18,-14,-2
TJ,Tajikistan,,,,,,ChIJzbO8enN2sTgRtYgZT4QxwyU,2021-06-15,3,13,-8,-18,-14,-3
TJ,Tajikistan,,,,,,ChIJzbO8enN2sTgRtYgZT4QxwyU,2021-06-16,1,16,-10,-19,-17,-1
TJ,Tajikistan,,,,,,ChIJzbO8enN2sTgRtYgZT4QxwyU,2021-06-17,1,12,-9,-21,-16,-2
TJ,Tajikistan,,,,,,ChIJzbO8enN2sTgRtYgZT4QxwyU,2021-06-18,0,9,-7,-17,-18,-1
TJ,Tajikistan,,,,,,ChIJzbO8enN2sTgRtYgZT4QxwyU,2021-06-19,-6,6,-14,-27,-21,0
TJ,Tajikistan,,,,,,ChIJzbO8enN2sTgRtYgZT4QxwyU,2021-06-20,-7,0,-15,-28,-27,-1
TJ,Tajikistan,,,,,,ChIJzbO8enN2sTgRtYgZT4QxwyU,2021-06-21,-3,9,-5,-26,-21,-3
TJ,Tajikistan,,,,,,ChIJzbO8enN2sTgRtYgZT4QxwyU,2021-06-22,-5,6,-11,-25,-24,-2
TJ,Tajikistan,,,,,,ChIJzbO8enN2sTgRtYgZT4QxwyU,2021-06-23,-8,4,-14,-25,-23,-1
TJ,Tajikistan,,,,,,ChIJzbO8enN2sTgRtYgZT4QxwyU,2021-06-24,-6,4,-15,-28,-25,-2
TJ,Tajikistan,,,,,,ChIJzbO8enN2sTgRtYgZT4QxwyU,2021-06-25,-7,2,-13,-26,-25,-2
TJ,Tajikistan,,,,,,ChIJzbO8enN2sTgRtYgZT4QxwyU,2021-06-26,-10,0,-16,-33,-26,0
TJ,Tajikistan,,,,,,ChIJzbO8enN2sTgRtYgZT4QxwyU,2021-06-27,-11,-5,-14,-32,-27,-1
TJ,Tajikistan,,,,,,ChIJzbO8enN2sTgRtYgZT4QxwyU,2021-06-28,-15,-4,-18,-36,-46,5
TJ,Tajikistan,,,,,,ChIJzbO8enN2sTgRtYgZT4QxwyU,2021-06-29,-9,3,-14,-29,-25,-2
TJ,Tajikistan,,,,,,ChIJzbO8enN2sTgRtYgZT4QxwyU,2021-06-30,-11,3,-16,-30,-25,-2
TJ,Tajikistan,,,,,,ChIJzbO8enN2sTgRtYgZT4QxwyU,2021-07-01,-8,4,-13,-24,-27,-1
TJ,Tajikistan,,,,,,ChIJzbO8enN2sTgRtYgZT4QxwyU,2021-07-02,-5,4,-14,-22,-25,-1
TJ,Tajikistan,,,,,,ChIJzbO8enN2sTgRtYgZT4QxwyU,2021-07-03,-9,4,-17,-29,-26,1
TJ,Tajikistan,,,,,,ChIJzbO8enN2sTgRtYgZT4QxwyU,2021-07-04,-11,-1,-17,-29,-27,0
TJ,Tajikistan,,,,,,ChIJzbO8enN2sTgRtYgZT4QxwyU,2021-07-05,-5,8,-12,-28,-25,-1
TJ,Tajikistan,,,,,,ChIJzbO8enN2sTgRtYgZT4QxwyU,2021-07-06,-8,4,-16,-27,-26,-1
TJ,Tajikistan,,,,,,ChIJzbO8enN2sTgRtYgZT4QxwyU,2021-07-07,-10,7,-15,-29,-26,0
TJ,Tajikistan,,,,,,ChIJzbO8enN2sTgRtYgZT4QxwyU,2021-07-08,-11,3,-18,-29,-27,1
TJ,Tajikistan,,,,,,ChIJzbO8enN2sTgRtYgZT4QxwyU,2021-07-09,-10,2,-16,-29,-26,2
TJ,Tajikistan,,,,,,ChIJzbO8enN2sTgRtYgZT4QxwyU,2021-07-10,-12,2,-20,-34,-27,2
TJ,Tajikistan,,,,,,ChIJzbO8enN2sTgRtYgZT4QxwyU,2021-07-11,-11,-1,-21,-32,-25,1
TJ,Tajikistan,,,,,,ChIJzbO8enN2sTgRtYgZT4QxwyU,2021-07-12,-8,7,-13,-31,-27,1
TJ,Tajikistan,,,,,,ChIJzbO8enN2sTgRtYgZT4QxwyU,2021-07-13,-9,5,-16,-30,-28,0
TJ,Tajikistan,,,,,,ChIJzbO8enN2sTgRtYgZT4QxwyU,2021-07-14,-11,6,-22,-26,-27,1
TJ,Tajikistan,,,,,,ChIJzbO8enN2sTgRtYgZT4QxwyU,2021-07-15,-8,6,-21,-27,-28,1
TJ,Tajikistan,,,,,,ChIJzbO8enN2sTgRtYgZT4QxwyU,2021-07-16,-6,6,-21,-26,-27,2
TJ,Tajikistan,,,,,,ChIJzbO8enN2sTgRtYgZT4QxwyU,2021-07-17,-8,9,-24,-28,-25,1
TJ,Tajikistan,,,,,,ChIJzbO8enN2sTgRtYgZT4QxwyU,2021-07-18,-4,11,-21,-26,-18,0
TJ,Tajikistan,,,,,,ChIJzbO8enN2sTgRtYgZT4QxwyU,2021-07-19,-6,20,-22,-29,-35,1
TJ,Tajikistan,,,,,,ChIJzbO8enN2sTgRtYgZT4QxwyU,2021-07-20,-39,-33,-26,-48,-77,4
TJ,Tajikistan,,,,,,ChIJzbO8enN2sTgRtYgZT4QxwyU,2021-07-21,-21,-11,-24,-36,-41,0
TJ,Tajikistan,,,,,,ChIJzbO8enN2sTgRtYgZT4QxwyU,2021-07-22,-12,-3,-21,-31,-33,1
TJ,Tajikistan,,,,,,ChIJzbO8enN2sTgRtYgZT4QxwyU,2021-07-23,-10,1,-22,-30,-28,1
TJ,Tajikistan,,,,,,ChIJzbO8enN2sTgRtYgZT4QxwyU,2021-07-24,-14,-1,-24,-35,-27,3
TJ,Tajikistan,,,,,,ChIJzbO8enN2sTgRtYgZT4QxwyU,2021-07-25,-14,-5,-21,-36,-25,2
TJ,Tajikistan,,,,,,ChIJzbO8enN2sTgRtYgZT4QxwyU,2021-07-26,-7,6,-15,-33,-26,0
TJ,Tajikistan,,,,,,ChIJzbO8enN2sTgRtYgZT4QxwyU,2021-07-27,-9,5,-18,-29,-26,0
TJ,Tajikistan,,,,,,ChIJzbO8enN2sTgRtYgZT4QxwyU,2021-07-28,-11,5,-19,-30,-27,1
TJ,Tajikistan,,,,,,ChIJzbO8enN2sTgRtYgZT4QxwyU,2021-07-29,-11,0,-18,-31,-29,0
TJ,Tajikistan,,,,,,ChIJzbO8enN2sTgRtYgZT4QxwyU,2021-07-30,-9,-1,-17,-31,-28,2
TJ,Tajikistan,,,,,,ChIJzbO8enN2sTgRtYgZT4QxwyU,2021-07-31,-12,2,-22,-35,-26,1
TJ,Tajikistan,,,,,,ChIJzbO8enN2sTgRtYgZT4QxwyU,2021-08-01,-12,-2,-18,-32,-24,-1
TJ,Tajikistan,,,,,,ChIJzbO8enN2sTgRtYgZT4QxwyU,2021-08-02,-4,9,-10,-31,-26,-1
TJ,Tajikistan,,,,,,ChIJzbO8enN2sTgRtYgZT4QxwyU,2021-08-03,-6,5,-16,-29,-28,-1
TJ,Tajikistan,,,,,,ChIJzbO8enN2sTgRtYgZT4QxwyU,2021-08-04,-8,9,-17,-29,-27,0
TJ,Tajikistan,,,,,,ChIJzbO8enN2sTgRtYgZT4QxwyU,2021-08-05,-7,4,-17,-29,-27,0
TJ,Tajikistan,,,,,,ChIJzbO8enN2sTgRtYgZT4QxwyU,2021-08-06,-7,2,-15,-29,-26,1
TJ,Tajikistan,,,,,,ChIJzbO8enN2sTgRtYgZT4QxwyU,2021-08-07,-10,3,-21,-35,-26,1
TJ,Tajikistan,,,,,,ChIJzbO8enN2sTgRtYgZT4QxwyU,2021-08-08,-10,0,-19,-32,-25,1
TJ,Tajikistan,,,,,,ChIJzbO8enN2sTgRtYgZT4QxwyU,2021-08-09,-4,9,-12,-31,-25,0
TJ,Tajikistan,,,,,,ChIJzbO8enN2sTgRtYgZT4QxwyU,2021-08-10,-5,8,-13,-29,-26,-1
TJ,Tajikistan,,,,,,ChIJzbO8enN2sTgRtYgZT4QxwyU,2021-08-11,-6,8,-15,-27,-26,-1
TJ,Tajikistan,,,,,,ChIJzbO8enN2sTgRtYgZT4QxwyU,2021-08-12,-7,5,-16,-26,-26,-1
TJ,Tajikistan,,,,,,ChIJzbO8enN2sTgRtYgZT4QxwyU,2021-08-13,-5,3,-14,-26,-27,1
TJ,Tajikistan,,,,,,ChIJzbO8enN2sTgRtYgZT4QxwyU,2021-08-14,-8,4,-17,-31,-26,1
TJ,Tajikistan,,,,,,ChIJzbO8enN2sTgRtYgZT4QxwyU,2021-08-15,-8,0,-19,-30,-24,0
TJ,Tajikistan,,,,,,ChIJzbO8enN2sTgRtYgZT4QxwyU,2021-08-16,-2,9,-9,-30,-25,-1
TJ,Tajikistan,,,,,,ChIJzbO8enN2sTgRtYgZT4QxwyU,2021-08-17,-5,7,-11,-28,-27,-1
TJ,Tajikistan,,,,,,ChIJzbO8enN2sTgRtYgZT4QxwyU,2021-08-18,-7,9,-17,-27,-24,0
TJ,Tajikistan,,,,,,ChIJzbO8enN2sTgRtYgZT4QxwyU,2021-08-19,-6,6,-14,-28,-26,0
TJ,Tajikistan,,,,,,ChIJzbO8enN2sTgRtYgZT4QxwyU,2021-08-20,-5,3,-13,-29,-26,1
TJ,Tajikistan,,,,,,ChIJzbO8enN2sTgRtYgZT4QxwyU,2021-08-21,-10,3,-17,-34,-25,1
TJ,Tajikistan,,,,,,ChIJzbO8enN2sTgRtYgZT4QxwyU,2021-08-22,-11,-1,-19,-33,-24,0
TJ,Tajikistan,,,,,,ChIJzbO8enN2sTgRtYgZT4QxwyU,2021-08-23,-5,7,-10,-31,-25,-1
TJ,Tajikistan,,,,,,ChIJzbO8enN2sTgRtYgZT4QxwyU,2021-08-24,-7,5,-11,-28,-26,-1
TJ,Tajikistan,,,,,,ChIJzbO8enN2sTgRtYgZT4QxwyU,2021-08-25,-10,8,-12,-27,-26,0
TJ,Tajikistan,,,,,,ChIJzbO8enN2sTgRtYgZT4QxwyU,2021-08-26,-9,3,-11,-24,-27,0
TJ,Tajikistan,,,,,,ChIJzbO8enN2sTgRtYgZT4QxwyU,2021-08-27,-7,2,-10,-25,-26,0
TJ,Tajikistan,,,,,,ChIJzbO8enN2sTgRtYgZT4QxwyU,2021-08-28,-11,4,-16,-28,-25,2
TJ,Tajikistan,,,,,,ChIJzbO8enN2sTgRtYgZT4QxwyU,2021-08-29,-11,1,-15,-27,-23,0
TJ,Tajikistan,,,,,,ChIJzbO8enN2sTgRtYgZT4QxwyU,2021-08-30,-4,10,-5,-25,-25,-1
TJ,Tajikistan,,,,,,ChIJzbO8enN2sTgRtYgZT4QxwyU,2021-08-31,-4,13,-7,-20,-26,-2
TJ,Tajikistan,,,,,,ChIJzbO8enN2sTgRtYgZT4QxwyU,2021-09-01,-6,11,-6,-19,-26,-3
TJ,Tajikistan,,,,,,ChIJzbO8enN2sTgRtYgZT4QxwyU,2021-09-02,-4,8,-4,-23,-26,-1
TJ,Tajikistan,,,,,,ChIJzbO8enN2sTgRtYgZT4QxwyU,2021-09-03,-4,5,-1,-24,-23,-1
TJ,Tajikistan,,,,,,ChIJzbO8enN2sTgRtYgZT4QxwyU,2021-09-04,-5,9,-7,-29,-22,1
TJ,Tajikistan,,,,,,ChIJzbO8enN2sTgRtYgZT4QxwyU,2021-09-05,-7,5,-10,-24,-21,1
TJ,Tajikistan,,,,,,ChIJzbO8enN2sTgRtYgZT4QxwyU,2021-09-06,-3,12,1,-27,-24,-1
TJ,Tajikistan,,,,,,ChIJzbO8enN2sTgRtYgZT4QxwyU,2021-09-07,-9,7,-6,-26,-27,0
TJ,Tajikistan,,,,,,ChIJzbO8enN2sTgRtYgZT4QxwyU,2021-09-08,-8,7,-12,-28,-25,0
TJ,Tajikistan,,,,,,ChIJzbO8enN2sTgRtYgZT4QxwyU,2021-09-09,-18,-11,-8,-37,-58,11
TJ,Tajikistan,,,,,,ChIJzbO8enN2sTgRtYgZT4QxwyU,2021-09-10,-8,3,-15,-27,-26,3
TJ,Tajikistan,,,,,,ChIJzbO8enN2sTgRtYgZT4QxwyU,2021-09-11,-10,4,-19,-30,-24,2
TJ,Tajikistan,,,,,,ChIJzbO8enN2sTgRtYgZT4QxwyU,2021-09-12,-9,3,-19,-30,-22,2
TJ,Tajikistan,,,,,,ChIJzbO8enN2sTgRtYgZT4QxwyU,2021-09-13,-4,11,-10,-24,-23,-2
TJ,Tajikistan,,,,,,ChIJzbO8enN2sTgRtYgZT4QxwyU,2021-09-14,-4,8,-11,-22,-25,-2
TJ,Tajikistan,,,,,,ChIJzbO8enN2sTgRtYgZT4QxwyU,2021-09-15,-8,8,-14,-25,-25,-1
TJ,Tajikistan,,,,,,ChIJzbO8enN2sTgRtYgZT4QxwyU,2021-09-16,-8,3,-17,-24,-27,0
TJ,Tajikistan,,,,,,ChIJzbO8enN2sTgRtYgZT4QxwyU,2021-09-17,-7,3,-10,-19,-26,0
TJ,Tajikistan,,,,,,ChIJzbO8enN2sTgRtYgZT4QxwyU,2021-09-18,-10,4,-17,-27,-25,1
TJ,Tajikistan,,,,,,ChIJzbO8enN2sTgRtYgZT4QxwyU,2021-09-19,-11,0,-21,-30,-25,2
TJ,Tajikistan,,,,,,ChIJzbO8enN2sTgRtYgZT4QxwyU,2021-09-20,-6,7,-10,-25,-22,-1
TJ,Tajikistan,,,,,,ChIJzbO8enN2sTgRtYgZT4QxwyU,2021-09-21,-9,6,-14,-23,-22,-2
TJ,Tajikistan,,,,,,ChIJzbO8enN2sTgRtYgZT4QxwyU,2021-09-22,-10,5,-15,-24,-19,0
TJ,Tajikistan,,,,,,ChIJzbO8enN2sTgRtYgZT4QxwyU,2021-09-23,-8,3,-16,-23,-21,-1
TJ,Tajikistan,,,,,,ChIJzbO8enN2sTgRtYgZT4QxwyU,2021-09-24,-9,1,-15,-23,-20,0
TJ,Tajikistan,,,,,,ChIJzbO8enN2sTgRtYgZT4QxwyU,2021-09-25,-10,1,-19,-30,-22,1
TJ,Tajikistan,,,,,,ChIJzbO8enN2sTgRtYgZT4QxwyU,2021-09-26,-13,-3,-21,-28,-26,2
TJ,Tajikistan,,,,,,ChIJzbO8enN2sTgRtYgZT4QxwyU,2021-09-27,-10,2,-13,-28,-18,0
TJ,Tajikistan,,,,,,ChIJzbO8enN2sTgRtYgZT4QxwyU,2021-09-28,-11,2,-18,-26,-18,-1
TJ,Tajikistan,,,,,,ChIJzbO8enN2sTgRtYgZT4QxwyU,2021-09-29,-13,3,-18,-27,-19,0
TJ,Tajikistan,,,,,,ChIJzbO8enN2sTgRtYgZT4QxwyU,2021-09-30,-12,-1,-19,-24,-18,0
TJ,Tajikistan,,,,,,ChIJzbO8enN2sTgRtYgZT4QxwyU,2021-10-01,-8,1,-14,-24,-18,-2
TJ,Tajikistan,,,,,,ChIJzbO8enN2sTgRtYgZT4QxwyU,2021-10-02,-7,5,-17,-27,-19,1
TJ,Tajikistan,,,,,,ChIJzbO8enN2sTgRtYgZT4QxwyU,2021-10-03,-8,4,-20,-27,-24,2
TJ,Tajikistan,,,,,,ChIJzbO8enN2sTgRtYgZT4QxwyU,2021-10-04,-7,7,-12,-26,-16,-1
TJ,Tajikistan,,,,,,ChIJzbO8enN2sTgRtYgZT4QxwyU,2021-10-05,-9,4,-15,-26,-18,-1
TJ,Tajikistan,,,,,,ChIJzbO8enN2sTgRtYgZT4QxwyU,2021-10-06,-10,6,-16,-22,-17,1
TJ,Tajikistan,,,,,,ChIJzbO8enN2sTgRtYgZT4QxwyU,2021-10-07,-11,1,-15,-26,-19,2
TJ,Tajikistan,,,,,,ChIJzbO8enN2sTgRtYgZT4QxwyU,2021-10-08,-10,0,-17,-28,-18,2
TJ,Tajikistan,,,,,,ChIJzbO8enN2sTgRtYgZT4QxwyU,2021-10-09,-9,4,-23,-32,-19,2
TJ,Tajikistan,,,,,,ChIJzbO8enN2sTgRtYgZT4QxwyU,2021-10-10,-11,3,-27,-33,-29,5
TJ,Tajikistan,,,,,,ChIJzbO8enN2sTgRtYgZT4QxwyU,2021-10-11,-9,8,-16,-27,-14,0
TJ,Tajikistan,,,,,,ChIJzbO8enN2sTgRtYgZT4QxwyU,2021-10-12,-10,5,-19,-25,-15,0
TJ,Tajikistan,,,,,,ChIJzbO8enN2sTgRtYgZT4QxwyU,2021-10-13,-10,6,-22,-27,-14,2
TJ,Tajikistan,,,,,,ChIJzbO8enN2sTgRtYgZT4QxwyU,2021-10-14,-10,1,-22,-24,-15,1
TJ,Tajikistan,,,,,,ChIJzbO8enN2sTgRtYgZT4QxwyU,2021-10-15,-10,-2,-20,-25,-15,2
TJ,Tajikistan,,,,,,ChIJzbO8enN2sTgRtYgZT4QxwyU,2021-10-16,-9,5,-24,-29,-17,3
TJ,Tajikistan,,,,,,ChIJzbO8enN2sTgRtYgZT4QxwyU,2021-10-17,-11,1,-25,-32,-29,4
TJ,Tajikistan,,,,,,ChIJzbO8enN2sTgRtYgZT4QxwyU,2021-10-18,-9,6,-17,-28,-14,1
TJ,Tajikistan,,,,,,ChIJzbO8enN2sTgRtYgZT4QxwyU,2021-10-19,-11,5,-20,-26,-15,0
TJ,Tajikistan,,,,,,ChIJzbO8enN2sTgRtYgZT4QxwyU,2021-10-20,-12,5,-22,-25,-14,2
TJ,Tajikistan,,,,,,ChIJzbO8enN2sTgRtYgZT4QxwyU,2021-10-21,-11,2,-24,-24,-15,2
TJ,Tajikistan,,,,,,ChIJzbO8enN2sTgRtYgZT4QxwyU,2021-10-22,-16,-3,-30,-28,-16,4
TJ,Tajikistan,,,,,,ChIJzbO8enN2sTgRtYgZT4QxwyU,2021-10-23,-12,1,-27,-29,-16,4
TJ,Tajikistan,,,,,,ChIJzbO8enN2sTgRtYgZT4QxwyU,2021-10-24,-13,-1,-28,-30,-29,5
TJ,Tajikistan,,,,,,ChIJzbO8enN2sTgRtYgZT4QxwyU,2021-10-25,-10,1,-19,-32,-15,2
TJ,Tajikistan,,,,,,ChIJzbO8enN2sTgRtYgZT4QxwyU,2021-10-26,-15,0,-24,-30,-16,1
TJ,Tajikistan,,,,,,ChIJzbO8enN2sTgRtYgZT4QxwyU,2021-10-27,-13,2,-25,-24,-13,2
TJ,Tajikistan,,,,,,ChIJzbO8enN2sTgRtYgZT4QxwyU,2021-10-28,-13,-3,-26,-25,-16,3
TJ,Tajikistan,,,,,,ChIJzbO8enN2sTgRtYgZT4QxwyU,2021-10-29,-9,0,-22,-28,-14,3
TJ,Tajikistan,,,,,,ChIJzbO8enN2sTgRtYgZT4QxwyU,2021-10-30,-9,3,-23,-29,-15,3
TJ,Tajikistan,,,,,,ChIJzbO8enN2sTgRtYgZT4QxwyU,2021-10-31,-12,-1,-27,-32,-29,5
TJ,Tajikistan,,,,,,ChIJzbO8enN2sTgRtYgZT4QxwyU,2021-11-01,-11,5,-19,-27,-17,1
TJ,Tajikistan,,,,,,ChIJzbO8enN2sTgRtYgZT4QxwyU,2021-11-02,-9,6,-21,-27,-17,1
TJ,Tajikistan,,,,,,ChIJzbO8enN2sTgRtYgZT4QxwyU,2021-11-03,-9,7,-18,-23,-15,2
TJ,Tajikistan,,,,,,ChIJzbO8enN2sTgRtYgZT4QxwyU,2021-11-04,-9,4,-23,-25,-17,3
TJ,Tajikistan,,,,,,ChIJzbO8enN2sTgRtYgZT4QxwyU,2021-11-05,-6,3,-20,-25,-17,3
TJ,Tajikistan,,,,,,ChIJzbO8enN2sTgRtYgZT4QxwyU,2021-11-06,-12,0,-29,-34,-38,9
TJ,Tajikistan,,,,,,ChIJzbO8enN2sTgRtYgZT4QxwyU,2021-11-07,-11,-1,-26,-29,-33,6
TJ,Tajikistan,,,,,,ChIJzbO8enN2sTgRtYgZT4QxwyU,2021-11-08,-12,4,-25,-32,-33,8
TJ,Tajikistan,,,,,,ChIJzbO8enN2sTgRtYgZT4QxwyU,2021-11-09,-8,7,-20,-27,-15,2
TJ,Tajikistan,,,,,,ChIJzbO8enN2sTgRtYgZT4QxwyU,2021-11-10,-8,10,-20,-24,-14,3
TJ,Tajikistan,,,,,,ChIJzbO8enN2sTgRtYgZT4QxwyU,2021-11-11,-9,3,-22,-24,-13,3
TJ,Tajikistan,,,,,,ChIJzbO8enN2sTgRtYgZT4QxwyU,2021-11-12,-8,1,-23,-25,-12,4
TJ,Tajikistan,,,,,,ChIJzbO8enN2sTgRtYgZT4QxwyU,2021-11-13,-8,4,-23,-28,-15,5
TJ,Tajikistan,,,Dushanbe Metropolitan Area,,,ChIJ2buhwgvOtTgRDY8MehM-FKA,2021-01-01,-39,-33,-46,-53,-71,25
TJ,Tajikistan,,,Dushanbe Metropolitan Area,,,ChIJ2buhwgvOtTgRDY8MehM-FKA,2021-01-02,-21,-23,-35,-40,-35,16
TJ,Tajikistan,,,Dushanbe Metropolitan Area,,,ChIJ2buhwgvOtTgRDY8MehM-FKA,2021-01-03,-10,-20,-23,-31,-22,10
TJ,Tajikistan,,,Dushanbe Metropolitan Area,,,ChIJ2buhwgvOtTgRDY8MehM-FKA,2021-01-04,-4,-4,-27,-37,-13,10
TJ,Tajikistan,,,Dushanbe Metropolitan Area,,,ChIJ2buhwgvOtTgRDY8MehM-FKA,2021-01-05,-7,-8,-30,-32,-14,11
TJ,Tajikistan,,,Dushanbe Metropolitan Area,,,ChIJ2buhwgvOtTgRDY8MehM-FKA,2021-01-06,-8,-3,-32,-29,-15,10
TJ,Tajikistan,,,Dushanbe Metropolitan Area,,,ChIJ2buhwgvOtTgRDY8MehM-FKA,2021-01-07,-10,-6,-34,-36,-15,12
TJ,Tajikistan,,,Dushanbe Metropolitan Area,,,ChIJ2buhwgvOtTgRDY8MehM-FKA,2021-01-08,-7,-10,-36,-31,-11,12
TJ,Tajikistan,,,Dushanbe Metropolitan Area,,,ChIJ2buhwgvOtTgRDY8MehM-FKA,2021-01-09,-3,-4,-33,-35,-10,9
TJ,Tajikistan,,,Dushanbe Metropolitan Area,,,ChIJ2buhwgvOtTgRDY8MehM-FKA,2021-01-10,2,-6,-28,-28,-13,6
TJ,Tajikistan,,,Dushanbe Metropolitan Area,,,ChIJ2buhwgvOtTgRDY8MehM-FKA,2021-01-11,-3,-8,-24,-32,-11,6
TJ,Tajikistan,,,Dushanbe Metropolitan Area,,,ChIJ2buhwgvOtTgRDY8MehM-FKA,2021-01-12,-7,-8,-31,-30,-10,5
TJ,Tajikistan,,,Dushanbe Metropolitan Area,,,ChIJ2buhwgvOtTgRDY8MehM-FKA,2021-01-13,-9,-10,-30,-31,-15,4
TJ,Tajikistan,,,Dushanbe Metropolitan Area,,,ChIJ2buhwgvOtTgRDY8MehM-FKA,2021-01-14,-14,-15,-36,-34,-19,4
TJ,Tajikistan,,,Dushanbe Metropolitan Area,,,ChIJ2buhwgvOtTgRDY8MehM-FKA,2021-01-15,-14,-20,-37,-32,-19,3
TJ,Tajikistan,,,Dushanbe Metropolitan Area,,,ChIJ2buhwgvOtTgRDY8MehM-FKA,2021-01-16,-17,-19,-39,-38,-21,3
TJ,Tajikistan,,,Dushanbe Metropolitan Area,,,ChIJ2buhwgvOtTgRDY8MehM-FKA,2021-01-17,-14,-21,-35,-35,-27,3
TJ,Tajikistan,,,Dushanbe Metropolitan Area,,,ChIJ2buhwgvOtTgRDY8MehM-FKA,2021-01-18,-16,-21,-33,-35,-22,4
TJ,Tajikistan,,,Dushanbe Metropolitan Area,,,ChIJ2buhwgvOtTgRDY8MehM-FKA,2021-01-19,-16,-17,-42,-31,-19,3
TJ,Tajikistan,,,Dushanbe Metropolitan Area,,,ChIJ2buhwgvOtTgRDY8MehM-FKA,2021-01-20,-15,-13,-34,-30,-21,4
TJ,Tajikistan,,,Dushanbe Metropolitan Area,,,ChIJ2buhwgvOtTgRDY8MehM-FKA,2021-01-21,-16,-15,-36,-34,-19,4
TJ,Tajikistan,,,Dushanbe Metropolitan Area,,,ChIJ2buhwgvOtTgRDY8MehM-FKA,2021-01-22,-28,-31,-50,-43,-21,10
TJ,Tajikistan,,,Dushanbe Metropolitan Area,,,ChIJ2buhwgvOtTgRDY8MehM-FKA,2021-01-23,-22,-22,-47,-40,-19,11
TJ,Tajikistan,,,Dushanbe Metropolitan Area,,,ChIJ2buhwgvOtTgRDY8MehM-FKA,2021-01-24,-16,-18,-39,-31,-25,7
TJ,Tajikistan,,,Dushanbe Metropolitan Area,,,ChIJ2buhwgvOtTgRDY8MehM-FKA,2021-01-25,-12,-16,-31,-31,-13,5
TJ,Tajikistan,,,Dushanbe Metropolitan Area,,,ChIJ2buhwgvOtTgRDY8MehM-FKA,2021-01-26,-13,-15,-37,-29,-9,4
TJ,Tajikistan,,,Dushanbe Metropolitan Area,,,ChIJ2buhwgvOtTgRDY8MehM-FKA,2021-01-27,-13,-12,-34,-30,-11,4
TJ,Tajikistan,,,Dushanbe Metropolitan Area,,,ChIJ2buhwgvOtTgRDY8MehM-FKA,2021-01-28,-12,-13,-35,-24,-9,4
TJ,Tajikistan,,,Dushanbe Metropolitan Area,,,ChIJ2buhwgvOtTgRDY8MehM-FKA,2021-01-29,-10,-15,-36,-28,-6,3
TJ,Tajikistan,,,Dushanbe Metropolitan Area,,,ChIJ2buhwgvOtTgRDY8MehM-FKA,2021-01-30,-10,-9,-29,-29,-7,1
TJ,Tajikistan,,,Dushanbe Metropolitan Area,,,ChIJ2buhwgvOtTgRDY8MehM-FKA,2021-01-31,-10,-12,-28,-25,-26,3
TJ,Tajikistan,,,Dushanbe Metropolitan Area,,,ChIJ2buhwgvOtTgRDY8MehM-FKA,2021-02-01,-8,-12,-27,-27,-9,-1
TJ,Tajikistan,,,Dushanbe Metropolitan Area,,,ChIJ2buhwgvOtTgRDY8MehM-FKA,2021-02-02,-5,-7,-28,-27,-6,-2
TJ,Tajikistan,,,Dushanbe Metropolitan Area,,,ChIJ2buhwgvOtTgRDY8MehM-FKA,2021-02-03,-9,-9,-27,-26,-10,-1
TJ,Tajikistan,,,Dushanbe Metropolitan Area,,,ChIJ2buhwgvOtTgRDY8MehM-FKA,2021-02-04,-10,-12,-25,-28,-11,-1
TJ,Tajikistan,,,Dushanbe Metropolitan Area,,,ChIJ2buhwgvOtTgRDY8MehM-FKA,2021-02-05,-7,-14,-29,-27,-6,-1
TJ,Tajikistan,,,Dushanbe Metropolitan Area,,,ChIJ2buhwgvOtTgRDY8MehM-FKA,2021-02-06,-9,-10,-26,-29,-8,-1
TJ,Tajikistan,,,Dushanbe Metropolitan Area,,,ChIJ2buhwgvOtTgRDY8MehM-FKA,2021-02-07,-9,-14,-19,-24,-26,0
TJ,Tajikistan,,,Dushanbe Metropolitan Area,,,ChIJ2buhwgvOtTgRDY8MehM-FKA,2021-02-08,-9,-14,-20,-29,-9,-1
TJ,Tajikistan,,,Dushanbe Metropolitan Area,,,ChIJ2buhwgvOtTgRDY8MehM-FKA,2021-02-09,-8,-9,-25,-27,-5,-2
TJ,Tajikistan,,,Dushanbe Metropolitan Area,,,ChIJ2buhwgvOtTgRDY8MehM-FKA,2021-02-10,-9,-9,-21,-26,-7,-1
TJ,Tajikistan,,,Dushanbe Metropolitan Area,,,ChIJ2buhwgvOtTgRDY8MehM-FKA,2021-02-11,-7,-6,-23,-30,-6,-2
TJ,Tajikistan,,,Dushanbe Metropolitan Area,,,ChIJ2buhwgvOtTgRDY8MehM-FKA,2021-02-12,-6,-10,-22,-28,-2,-3
TJ,Tajikistan,,,Dushanbe Metropolitan Area,,,ChIJ2buhwgvOtTgRDY8MehM-FKA,2021-02-13,-4,-6,-25,-31,-5,-3
TJ,Tajikistan,,,Dushanbe Metropolitan Area,,,ChIJ2buhwgvOtTgRDY8MehM-FKA,2021-02-14,-1,-6,-11,-25,-23,-2
TJ,Tajikistan,,,Dushanbe Metropolitan Area,,,ChIJ2buhwgvOtTgRDY8MehM-FKA,2021-02-15,-5,-9,-16,-32,-5,-4
TJ,Tajikistan,,,Dushanbe Metropolitan Area,,,ChIJ2buhwgvOtTgRDY8MehM-FKA,2021-02-16,-5,-7,-24,-28,-4,-4
TJ,Tajikistan,,,Dushanbe Metropolitan Area,,,ChIJ2buhwgvOtTgRDY8MehM-FKA,2021-02-17,-6,-5,-21,-25,-5,-4
TJ,Tajikistan,,,Dushanbe Metropolitan Area,,,ChIJ2buhwgvOtTgRDY8MehM-FKA,2021-02-18,-7,-3,-23,-31,-3,-3
TJ,Tajikistan,,,Dushanbe Metropolitan Area,,,ChIJ2buhwgvOtTgRDY8MehM-FKA,2021-02-19,-6,-12,-25,-23,-1,-3
TJ,Tajikistan,,,Dushanbe Metropolitan Area,,,ChIJ2buhwgvOtTgRDY8MehM-FKA,2021-02-20,-4,-4,-31,-35,-1,-2
TJ,Tajikistan,,,Dushanbe Metropolitan Area,,,ChIJ2buhwgvOtTgRDY8MehM-FKA,2021-02-21,-4,-3,-24,-28,-22,0
TJ,Tajikistan,,,Dushanbe Metropolitan Area,,,ChIJ2buhwgvOtTgRDY8MehM-FKA,2021-02-22,-4,-4,-29,-31,-3,-2
TJ,Tajikistan,,,Dushanbe Metropolitan Area,,,ChIJ2buhwgvOtTgRDY8MehM-FKA,2021-02-23,5,-1,-24,-26,-1,-5
TJ,Tajikistan,,,Dushanbe Metropolitan Area,,,ChIJ2buhwgvOtTgRDY8MehM-FKA,2021-02-24,-14,-12,-37,-33,-5,0
TJ,Tajikistan,,,Dushanbe Metropolitan Area,,,ChIJ2buhwgvOtTgRDY8MehM-FKA,2021-02-25,-16,-15,-41,-38,-4,2
TJ,Tajikistan,,,Dushanbe Metropolitan Area,,,ChIJ2buhwgvOtTgRDY8MehM-FKA,2021-02-26,-12,-18,-37,-32,0,1
TJ,Tajikistan,,,Dushanbe Metropolitan Area,,,ChIJ2buhwgvOtTgRDY8MehM-FKA,2021-02-27,-5,-6,-34,-35,1,0
TJ,Tajikistan,,,Dushanbe Metropolitan Area,,,ChIJ2buhwgvOtTgRDY8MehM-FKA,2021-02-28,-1,-3,-21,-28,-19,-1
TJ,Tajikistan,,,Dushanbe Metropolitan Area,,,ChIJ2buhwgvOtTgRDY8MehM-FKA,2021-03-01,-3,-2,-24,-30,-3,-5
TJ,Tajikistan,,,Dushanbe Metropolitan Area,,,ChIJ2buhwgvOtTgRDY8MehM-FKA,2021-03-02,-2,-2,-24,-30,-1,-5
TJ,Tajikistan,,,Dushanbe Metropolitan Area,,,ChIJ2buhwgvOtTgRDY8MehM-FKA,2021-03-03,-2,0,-22,-26,-4,-4
TJ,Tajikistan,,,Dushanbe Metropolitan Area,,,ChIJ2buhwgvOtTgRDY8MehM-FKA,2021-03-04,-2,4,-21,-26,-2,-4
TJ,Tajikistan,,,Dushanbe Metropolitan Area,,,ChIJ2buhwgvOtTgRDY8MehM-FKA,2021-03-05,1,-6,-19,-22,0,-4
TJ,Tajikistan,,,Dushanbe Metropolitan Area,,,ChIJ2buhwgvOtTgRDY8MehM-FKA,2021-03-06,3,3,-27,-28,-5,-3
TJ,Tajikistan,,,Dushanbe Metropolitan Area,,,ChIJ2buhwgvOtTgRDY8MehM-FKA,2021-03-07,3,0,-22,-27,-21,-1
TJ,Tajikistan,,,Dushanbe Metropolitan Area,,,ChIJ2buhwgvOtTgRDY8MehM-FKA,2021-03-08,-2,0,-18,-39,-57,5
TJ,Tajikistan,,,Dushanbe Metropolitan Area,,,ChIJ2buhwgvOtTgRDY8MehM-FKA,2021-03-09,-2,-3,-20,-31,-1,-5
TJ,Tajikistan,,,Dushanbe Metropolitan Area,,,ChIJ2buhwgvOtTgRDY8MehM-FKA,2021-03-10,-3,-1,-21,-26,-3,-2
TJ,Tajikistan,,,Dushanbe Metropolitan Area,,,ChIJ2buhwgvOtTgRDY8MehM-FKA,2021-03-11,-4,-1,-26,-31,-2,-1
TJ,Tajikistan,,,Dushanbe Metropolitan Area,,,ChIJ2buhwgvOtTgRDY8MehM-FKA,2021-03-12,-4,-11,-22,-33,0,-2
TJ,Tajikistan,,,Dushanbe Metropolitan Area,,,ChIJ2buhwgvOtTgRDY8MehM-FKA,2021-03-13,-4,-3,-27,-42,1,-1
TJ,Tajikistan,,,Dushanbe Metropolitan Area,,,ChIJ2buhwgvOtTgRDY8MehM-FKA,2021-03-14,-15,-17,-35,-40,-28,5
TJ,Tajikistan,,,Dushanbe Metropolitan Area,,,ChIJ2buhwgvOtTgRDY8MehM-FKA,2021-03-15,-4,-2,-23,-35,0,-1
TJ,Tajikistan,,,Dushanbe Metropolitan Area,,,ChIJ2buhwgvOtTgRDY8MehM-FKA,2021-03-16,-1,0,-22,-33,0,-3
TJ,Tajikistan,,,Dushanbe Metropolitan Area,,,ChIJ2buhwgvOtTgRDY8MehM-FKA,2021-03-17,-1,2,-15,-28,-2,-3
TJ,Tajikistan,,,Dushanbe Metropolitan Area,,,ChIJ2buhwgvOtTgRDY8MehM-FKA,2021-03-18,1,7,-14,-24,-5,-4
TJ,Tajikistan,,,Dushanbe Metropolitan Area,,,ChIJ2buhwgvOtTgRDY8MehM-FKA,2021-03-19,-1,-2,-25,-29,-2,-3
TJ,Tajikistan,,,Dushanbe Metropolitan Area,,,ChIJ2buhwgvOtTgRDY8MehM-FKA,2021-03-20,-6,-3,-28,-31,-13,-3
TJ,Tajikistan,,,Dushanbe Metropolitan Area,,,ChIJ2buhwgvOtTgRDY8MehM-FKA,2021-03-21,-12,-21,9,-34,-38,-1
TJ,Tajikistan,,,Dushanbe Metropolitan Area,,,ChIJ2buhwgvOtTgRDY8MehM-FKA,2021-03-22,-27,-25,-12,-47,-63,9
TJ,Tajikistan,,,Dushanbe Metropolitan Area,,,ChIJ2buhwgvOtTgRDY8MehM-FKA,2021-03-23,-27,-28,-36,-45,-56,7
TJ,Tajikistan,,,Dushanbe Metropolitan Area,,,ChIJ2buhwgvOtTgRDY8MehM-FKA,2021-03-24,-15,-11,-21,-36,-49,3
TJ,Tajikistan,,,Dushanbe Metropolitan Area,,,ChIJ2buhwgvOtTgRDY8MehM-FKA,2021-03-25,-13,-6,-26,-36,-44,4
TJ,Tajikistan,,,Dushanbe Metropolitan Area,,,ChIJ2buhwgvOtTgRDY8MehM-FKA,2021-03-26,-6,-8,-32,-31,-13,1
TJ,Tajikistan,,,Dushanbe Metropolitan Area,,,ChIJ2buhwgvOtTgRDY8MehM-FKA,2021-03-27,-16,-13,-39,-42,-14,4
TJ,Tajikistan,,,Dushanbe Metropolitan Area,,,ChIJ2buhwgvOtTgRDY8MehM-FKA,2021-03-28,-11,-13,-32,-32,-24,3
TJ,Tajikistan,,,Dushanbe Metropolitan Area,,,ChIJ2buhwgvOtTgRDY8MehM-FKA,2021-03-29,-3,-3,-24,-33,-7,-1
TJ,Tajikistan,,,Dushanbe Metropolitan Area,,,ChIJ2buhwgvOtTgRDY8MehM-FKA,2021-03-30,1,0,-17,-27,-4,-4
TJ,Tajikistan,,,Dushanbe Metropolitan Area,,,ChIJ2buhwgvOtTgRDY8MehM-FKA,2021-03-31,-3,3,-23,-27,-8,-2
TJ,Tajikistan,,,Dushanbe Metropolitan Area,,,ChIJ2buhwgvOtTgRDY8MehM-FKA,2021-04-01,-1,3,-27,-29,-3,-3
TJ,Tajikistan,,,Dushanbe Metropolitan Area,,,ChIJ2buhwgvOtTgRDY8MehM-FKA,2021-04-02,1,-4,-19,-25,1,-4
TJ,Tajikistan,,,Dushanbe Metropolitan Area,,,ChIJ2buhwgvOtTgRDY8MehM-FKA,2021-04-03,3,4,-14,-30,1,-4
TJ,Tajikistan,,,Dushanbe Metropolitan Area,,,ChIJ2buhwgvOtTgRDY8MehM-FKA,2021-04-04,-11,-10,-36,-34,-23,3
TJ,Tajikistan,,,Dushanbe Metropolitan Area,,,ChIJ2buhwgvOtTgRDY8MehM-FKA,2021-04-05,5,8,-13,-33,2,-3
TJ,Tajikistan,,,Dushanbe Metropolitan Area,,,ChIJ2buhwgvOtTgRDY8MehM-FKA,2021-04-06,3,3,-19,-29,0,-5
TJ,Tajikistan,,,Dushanbe Metropolitan Area,,,ChIJ2buhwgvOtTgRDY8MehM-FKA,2021-04-07,2,5,-16,-24,-4,-4
TJ,Tajikistan,,,Dushanbe Metropolitan Area,,,ChIJ2buhwgvOtTgRDY8MehM-FKA,2021-04-08,2,5,-16,-24,-2,-3
TJ,Tajikistan,,,Dushanbe Metropolitan Area,,,ChIJ2buhwgvOtTgRDY8MehM-FKA,2021-04-09,0,-3,-20,-16,1,-2
TJ,Tajikistan,,,Dushanbe Metropolitan Area,,,ChIJ2buhwgvOtTgRDY8MehM-FKA,2021-04-10,3,5,-20,-23,-2,-4
TJ,Tajikistan,,,Dushanbe Metropolitan Area,,,ChIJ2buhwgvOtTgRDY8MehM-FKA,2021-04-11,5,2,-11,-24,-23,-4
TJ,Tajikistan,,,Dushanbe Metropolitan Area,,,ChIJ2buhwgvOtTgRDY8MehM-FKA,2021-04-12,6,11,-17,-20,0,-5
TJ,Tajikistan,,,Dushanbe Metropolitan Area,,,ChIJ2buhwgvOtTgRDY8MehM-FKA,2021-04-13,-16,-5,-37,-26,-2,1
TJ,Tajikistan,,,Dushanbe Metropolitan Area,,,ChIJ2buhwgvOtTgRDY8MehM-FKA,2021-04-14,-15,-3,-29,-23,-5,1
TJ,Tajikistan,,,Dushanbe Metropolitan Area,,,ChIJ2buhwgvOtTgRDY8MehM-FKA,2021-04-15,-12,-1,-29,-24,-2,1
TJ,Tajikistan,,,Dushanbe Metropolitan Area,,,ChIJ2buhwgvOtTgRDY8MehM-FKA,2021-04-16,-11,-10,-28,-18,1,1
TJ,Tajikistan,,,Dushanbe Metropolitan Area,,,ChIJ2buhwgvOtTgRDY8MehM-FKA,2021-04-17,-10,-1,-21,-25,0,2
TJ,Tajikistan,,,Dushanbe Metropolitan Area,,,ChIJ2buhwgvOtTgRDY8MehM-FKA,2021-04-18,-12,-2,-32,-32,-21,5
TJ,Tajikistan,,,Dushanbe Metropolitan Area,,,ChIJ2buhwgvOtTgRDY8MehM-FKA,2021-04-19,-9,2,-24,-25,0,0
TJ,Tajikistan,,,Dushanbe Metropolitan Area,,,ChIJ2buhwgvOtTgRDY8MehM-FKA,2021-04-20,-10,-3,-30,-21,1,-1
TJ,Tajikistan,,,Dushanbe Metropolitan Area,,,ChIJ2buhwgvOtTgRDY8MehM-FKA,2021-04-21,-11,1,-29,-17,-2,1
TJ,Tajikistan,,,Dushanbe Metropolitan Area,,,ChIJ2buhwgvOtTgRDY8MehM-FKA,2021-04-22,-12,1,-25,-25,0,1
TJ,Tajikistan,,,Dushanbe Metropolitan Area,,,ChIJ2buhwgvOtTgRDY8MehM-FKA,2021-04-23,-12,-8,-29,-18,1,2
TJ,Tajikistan,,,Dushanbe Metropolitan Area,,,ChIJ2buhwgvOtTgRDY8MehM-FKA,2021-04-24,-11,0,-27,-26,1,2
TJ,Tajikistan,,,Dushanbe Metropolitan Area,,,ChIJ2buhwgvOtTgRDY8MehM-FKA,2021-04-25,-13,-2,-25,-28,-22,4
TJ,Tajikistan,,,Dushanbe Metropolitan Area,,,ChIJ2buhwgvOtTgRDY8MehM-FKA,2021-04-26,-11,0,-26,-25,0,0
TJ,Tajikistan,,,Dushanbe Metropolitan Area,,,ChIJ2buhwgvOtTgRDY8MehM-FKA,2021-04-27,-12,-2,-29,-20,-2,0
TJ,Tajikistan,,,Dushanbe Metropolitan Area,,,ChIJ2buhwgvOtTgRDY8MehM-FKA,2021-04-28,-14,0,-26,-23,-5,0
TJ,Tajikistan,,,Dushanbe Metropolitan Area,,,ChIJ2buhwgvOtTgRDY8MehM-FKA,2021-04-29,-14,3,-28,-24,-4,2
TJ,Tajikistan,,,Dushanbe Metropolitan Area,,,ChIJ2buhwgvOtTgRDY8MehM-FKA,2021-04-30,-11,-6,-27,-17,0,1
TJ,Tajikistan,,,Dushanbe Metropolitan Area,,,ChIJ2buhwgvOtTgRDY8MehM-FKA,2021-05-01,-9,7,-30,-19,-2,0
TJ,Tajikistan,,,Dushanbe Metropolitan Area,,,ChIJ2buhwgvOtTgRDY8MehM-FKA,2021-05-02,-10,4,-29,-22,-19,2
TJ,Tajikistan,,,Dushanbe Metropolitan Area,,,ChIJ2buhwgvOtTgRDY8MehM-FKA,2021-05-03,-7,6,-23,-24,-4,-1
TJ,Tajikistan,,,Dushanbe Metropolitan Area,,,ChIJ2buhwgvOtTgRDY8MehM-FKA,2021-05-04,-9,3,-28,-18,-3,-1
TJ,Tajikistan,,,Dushanbe Metropolitan Area,,,ChIJ2buhwgvOtTgRDY8MehM-FKA,2021-05-05,-9,6,-29,-17,-5,0
TJ,Tajikistan,,,Dushanbe Metropolitan Area,,,ChIJ2buhwgvOtTgRDY8MehM-FKA,2021-05-06,-7,8,-24,-18,-5,2
TJ,Tajikistan,,,Dushanbe Metropolitan Area,,,ChIJ2buhwgvOtTgRDY8MehM-FKA,2021-05-07,-5,-2,-22,-15,0,0
TJ,Tajikistan,,,Dushanbe Metropolitan Area,,,ChIJ2buhwgvOtTgRDY8MehM-FKA,2021-05-08,-6,11,-25,-19,-2,0
TJ,Tajikistan,,,Dushanbe Metropolitan Area,,,ChIJ2buhwgvOtTgRDY8MehM-FKA,2021-05-09,-7,6,-25,-20,-17,2
TJ,Tajikistan,,,Dushanbe Metropolitan Area,,,ChIJ2buhwgvOtTgRDY8MehM-FKA,2021-05-10,-14,6,-38,-30,-48,10
TJ,Tajikistan,,,Dushanbe Metropolitan Area,,,ChIJ2buhwgvOtTgRDY8MehM-FKA,2021-05-11,-5,17,-31,-9,-4,-2
TJ,Tajikistan,,,Dushanbe Metropolitan Area,,,ChIJ2buhwgvOtTgRDY8MehM-FKA,2021-05-12,-7,31,-34,2,-22,-1
TJ,Tajikistan,,,Dushanbe Metropolitan Area,,,ChIJ2buhwgvOtTgRDY8MehM-FKA,2021-05-13,-35,-26,-20,-37,-81,3
TJ,Tajikistan,,,Dushanbe Metropolitan Area,,,ChIJ2buhwgvOtTgRDY8MehM-FKA,2021-05-14,-19,-18,-24,-27,-29,-1
TJ,Tajikistan,,,Dushanbe Metropolitan Area,,,ChIJ2buhwgvOtTgRDY8MehM-FKA,2021-05-15,-12,-9,-22,-24,-21,0
TJ,Tajikistan,,,Dushanbe Metropolitan Area,,,ChIJ2buhwgvOtTgRDY8MehM-FKA,2021-05-16,-3,2,-3,-23,-18,-3
TJ,Tajikistan,,,Dushanbe Metropolitan Area,,,ChIJ2buhwgvOtTgRDY8MehM-FKA,2021-05-17,4,13,-10,-13,-5,-3
TJ,Tajikistan,,,Dushanbe Metropolitan Area,,,ChIJ2buhwgvOtTgRDY8MehM-FKA,2021-05-18,0,9,-7,-10,-5,-3
TJ,Tajikistan,,,Dushanbe Metropolitan Area,,,ChIJ2buhwgvOtTgRDY8MehM-FKA,2021-05-19,-1,10,-13,-6,-9,-2
TJ,Tajikistan,,,Dushanbe Metropolitan Area,,,ChIJ2buhwgvOtTgRDY8MehM-FKA,2021-05-20,0,11,-15,-17,-8,0
TJ,Tajikistan,,,Dushanbe Metropolitan Area,,,ChIJ2buhwgvOtTgRDY8MehM-FKA,2021-05-21,2,2,-16,-14,-5,0
TJ,Tajikistan,,,Dushanbe Metropolitan Area,,,ChIJ2buhwgvOtTgRDY8MehM-FKA,2021-05-22,-1,8,-17,-21,-5,-1
TJ,Tajikistan,,,Dushanbe Metropolitan Area,,,ChIJ2buhwgvOtTgRDY8MehM-FKA,2021-05-23,-1,4,-12,-25,-17,0
TJ,Tajikistan,,,Dushanbe Metropolitan Area,,,ChIJ2buhwgvOtTgRDY8MehM-FKA,2021-05-24,3,10,-12,-22,-4,-2
TJ,Tajikistan,,,Dushanbe Metropolitan Area,,,ChIJ2buhwgvOtTgRDY8MehM-FKA,2021-05-25,1,7,-15,-17,-5,0
TJ,Tajikistan,,,Dushanbe Metropolitan Area,,,ChIJ2buhwgvOtTgRDY8MehM-FKA,2021-05-26,-2,7,-16,-12,-8,-1
TJ,Tajikistan,,,Dushanbe Metropolitan Area,,,ChIJ2buhwgvOtTgRDY8MehM-FKA,2021-05-27,-1,12,-16,-19,-8,0
TJ,Tajikistan,,,Dushanbe Metropolitan Area,,,ChIJ2buhwgvOtTgRDY8MehM-FKA,2021-05-28,3,4,-16,-16,-4,0
TJ,Tajikistan,,,Dushanbe Metropolitan Area,,,ChIJ2buhwgvOtTgRDY8MehM-FKA,2021-05-29,2,14,-9,-21,-8,-2
TJ,Tajikistan,,,Dushanbe Metropolitan Area,,,ChIJ2buhwgvOtTgRDY8MehM-FKA,2021-05-30,-2,5,-12,-24,-18,-2
TJ,Tajikistan,,,Dushanbe Metropolitan Area,,,ChIJ2buhwgvOtTgRDY8MehM-FKA,2021-05-31,4,15,-8,-23,-8,-2
TJ,Tajikistan,,,Dushanbe Metropolitan Area,,,ChIJ2buhwgvOtTgRDY8MehM-FKA,2021-06-01,6,12,-1,-18,-10,-5
TJ,Tajikistan,,,Dushanbe Metropolitan Area,,,ChIJ2buhwgvOtTgRDY8MehM-FKA,2021-06-02,4,17,-5,-9,-13,-3
TJ,Tajikistan,,,Dushanbe Metropolitan Area,,,ChIJ2buhwgvOtTgRDY8MehM-FKA,2021-06-03,0,15,0,-26,-12,-2
TJ,Tajikistan,,,Dushanbe Metropolitan Area,,,ChIJ2buhwgvOtTgRDY8MehM-FKA,2021-06-04,5,8,-1,-21,-8,-1
TJ,Tajikistan,,,Dushanbe Metropolitan Area,,,ChIJ2buhwgvOtTgRDY8MehM-FKA,2021-06-05,1,16,0,-26,-12,-3
TJ,Tajikistan,,,Dushanbe Metropolitan Area,,,ChIJ2buhwgvOtTgRDY8MehM-FKA,2021-06-06,-3,8,-6,-26,-19,-3
TJ,Tajikistan,,,Dushanbe Metropolitan Area,,,ChIJ2buhwgvOtTgRDY8MehM-FKA,2021-06-07,3,16,8,-27,-12,-2
TJ,Tajikistan,,,Dushanbe Metropolitan Area,,,ChIJ2buhwgvOtTgRDY8MehM-FKA,2021-06-08,3,13,3,-19,-13,-3
TJ,Tajikistan,,,Dushanbe Metropolitan Area,,,ChIJ2buhwgvOtTgRDY8MehM-FKA,2021-06-09,0,13,2,-21,-16,-2
TJ,Tajikistan,,,Dushanbe Metropolitan Area,,,ChIJ2buhwgvOtTgRDY8MehM-FKA,2021-06-10,0,14,0,-29,-16,-1
TJ,Tajikistan,,,Dushanbe Metropolitan Area,,,ChIJ2buhwgvOtTgRDY8MehM-FKA,2021-06-11,2,5,-6,-25,-14,0
TJ,Tajikistan,,,Dushanbe Metropolitan Area,,,ChIJ2buhwgvOtTgRDY8MehM-FKA,2021-06-12,-2,10,-9,-32,-17,-1
TJ,Tajikistan,,,Dushanbe Metropolitan Area,,,ChIJ2buhwgvOtTgRDY8MehM-FKA,2021-06-13,-5,1,-10,-27,-22,-1
TJ,Tajikistan,,,Dushanbe Metropolitan Area,,,ChIJ2buhwgvOtTgRDY8MehM-FKA,2021-06-14,1,9,1,-33,-19,-1
TJ,Tajikistan,,,Dushanbe Metropolitan Area,,,ChIJ2buhwgvOtTgRDY8MehM-FKA,2021-06-15,-2,6,-6,-30,-18,-2
TJ,Tajikistan,,,Dushanbe Metropolitan Area,,,ChIJ2buhwgvOtTgRDY8MehM-FKA,2021-06-16,-4,9,-3,-22,-24,-1
TJ,Tajikistan,,,Dushanbe Metropolitan Area,,,ChIJ2buhwgvOtTgRDY8MehM-FKA,2021-06-17,-4,10,-4,-33,-20,-1
TJ,Tajikistan,,,Dushanbe Metropolitan Area,,,ChIJ2buhwgvOtTgRDY8MehM-FKA,2021-06-18,-5,-2,-7,-22,-22,0
TJ,Tajikistan,,,Dushanbe Metropolitan Area,,,ChIJ2buhwgvOtTgRDY8MehM-FKA,2021-06-19,-13,0,-17,-38,-25,0
TJ,Tajikistan,,,Dushanbe Metropolitan Area,,,ChIJ2buhwgvOtTgRDY8MehM-FKA,2021-06-20,-13,-8,-14,-33,-30,-2
TJ,Tajikistan,,,Dushanbe Metropolitan Area,,,ChIJ2buhwgvOtTgRDY8MehM-FKA,2021-06-21,-7,3,-1,-37,-27,-2
TJ,Tajikistan,,,Dushanbe Metropolitan Area,,,ChIJ2buhwgvOtTgRDY8MehM-FKA,2021-06-22,-9,-2,-9,-32,-27,-2
TJ,Tajikistan,,,Dushanbe Metropolitan Area,,,ChIJ2buhwgvOtTgRDY8MehM-FKA,2021-06-23,-14,-3,-10,-28,-31,-1
TJ,Tajikistan,,,Dushanbe Metropolitan Area,,,ChIJ2buhwgvOtTgRDY8MehM-FKA,2021-06-24,-10,1,-9,-38,-28,-1
TJ,Tajikistan,,,Dushanbe Metropolitan Area,,,ChIJ2buhwgvOtTgRDY8MehM-FKA,2021-06-25,-13,-9,-15,-31,-30,-1
TJ,Tajikistan,,,Dushanbe Metropolitan Area,,,ChIJ2buhwgvOtTgRDY8MehM-FKA,2021-06-26,-17,-6,-18,-42,-29,0
TJ,Tajikistan,,,Dushanbe Metropolitan Area,,,ChIJ2buhwgvOtTgRDY8MehM-FKA,2021-06-27,-18,-13,-19,-37,-30,-2
TJ,Tajikistan,,,Dushanbe Metropolitan Area,,,ChIJ2buhwgvOtTgRDY8MehM-FKA,2021-06-28,-20,-8,-17,-45,-53,6
TJ,Tajikistan,,,Dushanbe Metropolitan Area,,,ChIJ2buhwgvOtTgRDY8MehM-FKA,2021-06-29,-14,-4,-11,-35,-29,-2
TJ,Tajikistan,,,Dushanbe Metropolitan Area,,,ChIJ2buhwgvOtTgRDY8MehM-FKA,2021-06-30,-15,-3,-12,-34,-30,-2
TJ,Tajikistan,,,Dushanbe Metropolitan Area,,,ChIJ2buhwgvOtTgRDY8MehM-FKA,2021-07-01,-13,2,-11,-35,-30,-1
TJ,Tajikistan,,,Dushanbe Metropolitan Area,,,ChIJ2buhwgvOtTgRDY8MehM-FKA,2021-07-02,-12,-7,-12,-30,-28,0
TJ,Tajikistan,,,Dushanbe Metropolitan Area,,,ChIJ2buhwgvOtTgRDY8MehM-FKA,2021-07-03,-17,-1,-16,-39,-30,0
TJ,Tajikistan,,,Dushanbe Metropolitan Area,,,ChIJ2buhwgvOtTgRDY8MehM-FKA,2021-07-04,-18,-6,-16,-36,-27,-1
TJ,Tajikistan,,,Dushanbe Metropolitan Area,,,ChIJ2buhwgvOtTgRDY8MehM-FKA,2021-07-05,-13,3,-8,-38,-30,-1
TJ,Tajikistan,,,Dushanbe Metropolitan Area,,,ChIJ2buhwgvOtTgRDY8MehM-FKA,2021-07-06,-14,-4,-12,-32,-29,-1
TJ,Tajikistan,,,Dushanbe Metropolitan Area,,,ChIJ2buhwgvOtTgRDY8MehM-FKA,2021-07-07,-17,1,-11,-36,-32,-1
TJ,Tajikistan,,,Dushanbe Metropolitan Area,,,ChIJ2buhwgvOtTgRDY8MehM-FKA,2021-07-08,-18,2,-17,-36,-31,1
TJ,Tajikistan,,,Dushanbe Metropolitan Area,,,ChIJ2buhwgvOtTgRDY8MehM-FKA,2021-07-09,-18,-8,-16,-35,-30,2
TJ,Tajikistan,,,Dushanbe Metropolitan Area,,,ChIJ2buhwgvOtTgRDY8MehM-FKA,2021-07-10,-21,-3,-23,-40,-31,1
TJ,Tajikistan,,,Dushanbe Metropolitan Area,,,ChIJ2buhwgvOtTgRDY8MehM-FKA,2021-07-11,-21,-8,-23,-37,-27,0
TJ,Tajikistan,,,Dushanbe Metropolitan Area,,,ChIJ2buhwgvOtTgRDY8MehM-FKA,2021-07-12,-15,1,-10,-42,-32,0
TJ,Tajikistan,,,Dushanbe Metropolitan Area,,,ChIJ2buhwgvOtTgRDY8MehM-FKA,2021-07-13,-17,-2,-14,-35,-31,0
TJ,Tajikistan,,,Dushanbe Metropolitan Area,,,ChIJ2buhwgvOtTgRDY8MehM-FKA,2021-07-14,-18,0,-24,-24,-33,-1
TJ,Tajikistan,,,Dushanbe Metropolitan Area,,,ChIJ2buhwgvOtTgRDY8MehM-FKA,2021-07-15,-17,4,-22,-30,-31,1
TJ,Tajikistan,,,Dushanbe Metropolitan Area,,,ChIJ2buhwgvOtTgRDY8MehM-FKA,2021-07-16,-13,-4,-26,-26,-30,1
TJ,Tajikistan,,,Dushanbe Metropolitan Area,,,ChIJ2buhwgvOtTgRDY8MehM-FKA,2021-07-17,-17,4,-32,-30,-28,0
TJ,Tajikistan,,,Dushanbe Metropolitan Area,,,ChIJ2buhwgvOtTgRDY8MehM-FKA,2021-07-18,-14,3,-28,-25,-19,-2
TJ,Tajikistan,,,Dushanbe Metropolitan Area,,,ChIJ2buhwgvOtTgRDY8MehM-FKA,2021-07-19,-18,10,-35,-30,-41,1
TJ,Tajikistan,,,Dushanbe Metropolitan Area,,,ChIJ2buhwgvOtTgRDY8MehM-FKA,2021-07-20,-50,-42,-39,-54,-83,5
TJ,Tajikistan,,,Dushanbe Metropolitan Area,,,ChIJ2buhwgvOtTgRDY8MehM-FKA,2021-07-21,-35,-28,-35,-46,-51,1
TJ,Tajikistan,,,Dushanbe Metropolitan Area,,,ChIJ2buhwgvOtTgRDY8MehM-FKA,2021-07-22,-23,-12,-28,-38,-39,2
TJ,Tajikistan,,,Dushanbe Metropolitan Area,,,ChIJ2buhwgvOtTgRDY8MehM-FKA,2021-07-23,-18,-7,-30,-31,-31,1
TJ,Tajikistan,,,Dushanbe Metropolitan Area,,,ChIJ2buhwgvOtTgRDY8MehM-FKA,2021-07-24,-23,-5,-31,-39,-29,2
TJ,Tajikistan,,,Dushanbe Metropolitan Area,,,ChIJ2buhwgvOtTgRDY8MehM-FKA,2021-07-25,-23,-10,-27,-39,-23,0
TJ,Tajikistan,,,Dushanbe Metropolitan Area,,,ChIJ2buhwgvOtTgRDY8MehM-FKA,2021-07-26,-15,2,-19,-38,-30,0
TJ,Tajikistan,,,Dushanbe Metropolitan Area,,,ChIJ2buhwgvOtTgRDY8MehM-FKA,2021-07-27,-15,-1,-24,-30,-29,-1
TJ,Tajikistan,,,Dushanbe Metropolitan Area,,,ChIJ2buhwgvOtTgRDY8MehM-FKA,2021-07-28,-18,1,-18,-30,-32,0
TJ,Tajikistan,,,Dushanbe Metropolitan Area,,,ChIJ2buhwgvOtTgRDY8MehM-FKA,2021-07-29,-17,2,-16,-38,-31,0
TJ,Tajikistan,,,Dushanbe Metropolitan Area,,,ChIJ2buhwgvOtTgRDY8MehM-FKA,2021-07-30,-16,-8,-17,-36,-30,2
TJ,Tajikistan,,,Dushanbe Metropolitan Area,,,ChIJ2buhwgvOtTgRDY8MehM-FKA,2021-07-31,-21,-2,-23,-42,-29,0
TJ,Tajikistan,,,Dushanbe Metropolitan Area,,,ChIJ2buhwgvOtTgRDY8MehM-FKA,2021-08-01,-21,-7,-21,-35,-26,-3
TJ,Tajikistan,,,Dushanbe Metropolitan Area,,,ChIJ2buhwgvOtTgRDY8MehM-FKA,2021-08-02,-12,4,-7,-38,-31,-2
TJ,Tajikistan,,,Dushanbe Metropolitan Area,,,ChIJ2buhwgvOtTgRDY8MehM-FKA,2021-08-03,-13,-2,-16,-33,-32,-2
TJ,Tajikistan,,,Dushanbe Metropolitan Area,,,ChIJ2buhwgvOtTgRDY8MehM-FKA,2021-08-04,-16,6,-12,-28,-33,-1
TJ,Tajikistan,,,Dushanbe Metropolitan Area,,,ChIJ2buhwgvOtTgRDY8MehM-FKA,2021-08-05,-15,5,-12,-35,-30,-1
TJ,Tajikistan,,,Dushanbe Metropolitan Area,,,ChIJ2buhwgvOtTgRDY8MehM-FKA,2021-08-06,-14,-6,-15,-34,-30,1
TJ,Tajikistan,,,Dushanbe Metropolitan Area,,,ChIJ2buhwgvOtTgRDY8MehM-FKA,2021-08-07,-18,2,-21,-43,-30,0
TJ,Tajikistan,,,Dushanbe Metropolitan Area,,,ChIJ2buhwgvOtTgRDY8MehM-FKA,2021-08-08,-19,-4,-21,-38,-28,-1
TJ,Tajikistan,,,Dushanbe Metropolitan Area,,,ChIJ2buhwgvOtTgRDY8MehM-FKA,2021-08-09,-13,5,-9,-40,-30,-2
TJ,Tajikistan,,,Dushanbe Metropolitan Area,,,ChIJ2buhwgvOtTgRDY8MehM-FKA,2021-08-10,-13,3,-11,-35,-29,-1
TJ,Tajikistan,,,Dushanbe Metropolitan Area,,,ChIJ2buhwgvOtTgRDY8MehM-FKA,2021-08-11,-12,5,-10,-28,-32,-2
TJ,Tajikistan,,,Dushanbe Metropolitan Area,,,ChIJ2buhwgvOtTgRDY8MehM-FKA,2021-08-12,-14,7,-11,-34,-30,-1
TJ,Tajikistan,,,Dushanbe Metropolitan Area,,,ChIJ2buhwgvOtTgRDY8MehM-FKA,2021-08-13,-12,-4,-11,-31,-31,1
TJ,Tajikistan,,,Dushanbe Metropolitan Area,,,ChIJ2buhwgvOtTgRDY8MehM-FKA,2021-08-14,-16,2,-18,-37,-31,0
TJ,Tajikistan,,,Dushanbe Metropolitan Area,,,ChIJ2buhwgvOtTgRDY8MehM-FKA,2021-08-15,-16,-4,-18,-36,-26,-2
TJ,Tajikistan,,,Dushanbe Metropolitan Area,,,ChIJ2buhwgvOtTgRDY8MehM-FKA,2021-08-16,-8,7,-2,-37,-31,-1
TJ,Tajikistan,,,Dushanbe Metropolitan Area,,,ChIJ2buhwgvOtTgRDY8MehM-FKA,2021-08-17,-12,1,-6,-32,-32,-1
TJ,Tajikistan,,,Dushanbe Metropolitan Area,,,ChIJ2buhwgvOtTgRDY8MehM-FKA,2021-08-18,-14,5,-6,-28,-30,-1
TJ,Tajikistan,,,Dushanbe Metropolitan Area,,,ChIJ2buhwgvOtTgRDY8MehM-FKA,2021-08-19,-13,7,-4,-32,-31,-1
TJ,Tajikistan,,,Dushanbe Metropolitan Area,,,ChIJ2buhwgvOtTgRDY8MehM-FKA,2021-08-20,-11,-5,-8,-29,-31,1
TJ,Tajikistan,,,Dushanbe Metropolitan Area,,,ChIJ2buhwgvOtTgRDY8MehM-FKA,2021-08-21,-16,2,-15,-38,-30,0
TJ,Tajikistan,,,Dushanbe Metropolitan Area,,,ChIJ2buhwgvOtTgRDY8MehM-FKA,2021-08-22,-19,-6,-19,-35,-27,-1
TJ,Tajikistan,,,Dushanbe Metropolitan Area,,,ChIJ2buhwgvOtTgRDY8MehM-FKA,2021-08-23,-10,5,-3,-35,-30,-1
TJ,Tajikistan,,,Dushanbe Metropolitan Area,,,ChIJ2buhwgvOtTgRDY8MehM-FKA,2021-08-24,-14,1,-3,-26,-30,-1
TJ,Tajikistan,,,Dushanbe Metropolitan Area,,,ChIJ2buhwgvOtTgRDY8MehM-FKA,2021-08-25,-15,6,-3,-26,-32,-1
TJ,Tajikistan,,,Dushanbe Metropolitan Area,,,ChIJ2buhwgvOtTgRDY8MehM-FKA,2021-08-26,-15,6,-5,-30,-31,-1
TJ,Tajikistan,,,Dushanbe Metropolitan Area,,,ChIJ2buhwgvOtTgRDY8MehM-FKA,2021-08-27,-11,-4,-3,-30,-31,1
TJ,Tajikistan,,,Dushanbe Metropolitan Area,,,ChIJ2buhwgvOtTgRDY8MehM-FKA,2021-08-28,-16,4,-4,-33,-30,0
TJ,Tajikistan,,,Dushanbe Metropolitan Area,,,ChIJ2buhwgvOtTgRDY8MehM-FKA,2021-08-29,-15,-1,-5,-34,-25,-1
TJ,Tajikistan,,,Dushanbe Metropolitan Area,,,ChIJ2buhwgvOtTgRDY8MehM-FKA,2021-08-30,-8,9,11,-32,-31,-1
TJ,Tajikistan,,,Dushanbe Metropolitan Area,,,ChIJ2buhwgvOtTgRDY8MehM-FKA,2021-08-31,-8,11,7,-24,-30,-3
TJ,Tajikistan,,,Dushanbe Metropolitan Area,,,ChIJ2buhwgvOtTgRDY8MehM-FKA,2021-09-01,-10,11,9,-23,-32,-4
TJ,Tajikistan,,,Dushanbe Metropolitan Area,,,ChIJ2buhwgvOtTgRDY8MehM-FKA,2021-09-02,-9,10,7,-28,-30,-2
TJ,Tajikistan,,,Dushanbe Metropolitan Area,,,ChIJ2buhwgvOtTgRDY8MehM-FKA,2021-09-03,-9,1,9,-26,-28,-1
TJ,Tajikistan,,,Dushanbe Metropolitan Area,,,ChIJ2buhwgvOtTgRDY8MehM-FKA,2021-09-04,-10,10,1,-36,-27,0
TJ,Tajikistan,,,Dushanbe Metropolitan Area,,,ChIJ2buhwgvOtTgRDY8MehM-FKA,2021-09-05,-12,4,1,-26,-24,-1
TJ,Tajikistan,,,Dushanbe Metropolitan Area,,,ChIJ2buhwgvOtTgRDY8MehM-FKA,2021-09-06,-8,13,9,-33,-29,-1
TJ,Tajikistan,,,Dushanbe Metropolitan Area,,,ChIJ2buhwgvOtTgRDY8MehM-FKA,2021-09-07,-15,7,-1,-28,-32,1
TJ,Tajikistan,,,Dushanbe Metropolitan Area,,,ChIJ2buhwgvOtTgRDY8MehM-FKA,2021-09-08,-13,8,-1,-29,-31,0
TJ,Tajikistan,,,Dushanbe Metropolitan Area,,,ChIJ2buhwgvOtTgRDY8MehM-FKA,2021-09-09,-30,-14,-5,-44,-67,14
TJ,Tajikistan,,,Dushanbe Metropolitan Area,,,ChIJ2buhwgvOtTgRDY8MehM-FKA,2021-09-10,-14,-3,-9,-29,-31,3
TJ,Tajikistan,,,Dushanbe Metropolitan Area,,,ChIJ2buhwgvOtTgRDY8MehM-FKA,2021-09-11,-15,4,-15,-33,-30,2
TJ,Tajikistan,,,Dushanbe Metropolitan Area,,,ChIJ2buhwgvOtTgRDY8MehM-FKA,2021-09-12,-14,1,-12,-33,-26,0
TJ,Tajikistan,,,Dushanbe Metropolitan Area,,,ChIJ2buhwgvOtTgRDY8MehM-FKA,2021-09-13,-7,15,2,-29,-29,-2
TJ,Tajikistan,,,Dushanbe Metropolitan Area,,,ChIJ2buhwgvOtTgRDY8MehM-FKA,2021-09-14,-4,8,1,-23,-30,-2
TJ,Tajikistan,,,Dushanbe Metropolitan Area,,,ChIJ2buhwgvOtTgRDY8MehM-FKA,2021-09-15,-12,11,0,-24,-32,-2
TJ,Tajikistan,,,Dushanbe Metropolitan Area,,,ChIJ2buhwgvOtTgRDY8MehM-FKA,2021-09-16,-12,6,-6,-27,-33,-1
TJ,Tajikistan,,,Dushanbe Metropolitan Area,,,ChIJ2buhwgvOtTgRDY8MehM-FKA,2021-09-17,-11,0,2,-18,-31,0
TJ,Tajikistan,,,Dushanbe Metropolitan Area,,,ChIJ2buhwgvOtTgRDY8MehM-FKA,2021-09-18,-14,5,-11,-28,-29,0
TJ,Tajikistan,,,Dushanbe Metropolitan Area,,,ChIJ2buhwgvOtTgRDY8MehM-FKA,2021-09-19,-15,0,-14,-31,-28,1
TJ,Tajikistan,,,Dushanbe Metropolitan Area,,,ChIJ2buhwgvOtTgRDY8MehM-FKA,2021-09-20,-9,6,-1,-26,-27,-2
TJ,Tajikistan,,,Dushanbe Metropolitan Area,,,ChIJ2buhwgvOtTgRDY8MehM-FKA,2021-09-21,-12,4,-7,-25,-26,-3
TJ,Tajikistan,,,Dushanbe Metropolitan Area,,,ChIJ2buhwgvOtTgRDY8MehM-FKA,2021-09-22,-14,6,-4,-18,-26,-1
TJ,Tajikistan,,,Dushanbe Metropolitan Area,,,ChIJ2buhwgvOtTgRDY8MehM-FKA,2021-09-23,-12,6,-9,-21,-24,-2
TJ,Tajikistan,,,Dushanbe Metropolitan Area,,,ChIJ2buhwgvOtTgRDY8MehM-FKA,2021-09-24,-12,-2,-10,-23,-23,-1
TJ,Tajikistan,,,Dushanbe Metropolitan Area,,,ChIJ2buhwgvOtTgRDY8MehM-FKA,2021-09-25,-14,3,-14,-33,-25,-1
TJ,Tajikistan,,,Dushanbe Metropolitan Area,,,ChIJ2buhwgvOtTgRDY8MehM-FKA,2021-09-26,-17,-4,-15,-27,-30,1
TJ,Tajikistan,,,Dushanbe Metropolitan Area,,,ChIJ2buhwgvOtTgRDY8MehM-FKA,2021-09-27,-13,4,-8,-29,-22,-1
TJ,Tajikistan,,,Dushanbe Metropolitan Area,,,ChIJ2buhwgvOtTgRDY8MehM-FKA,2021-09-28,-14,1,-13,-27,-20,-2
TJ,Tajikistan,,,Dushanbe Metropolitan Area,,,ChIJ2buhwgvOtTgRDY8MehM-FKA,2021-09-29,-16,2,-11,-20,-24,-1
TJ,Tajikistan,,,Dushanbe Metropolitan Area,,,ChIJ2buhwgvOtTgRDY8MehM-FKA,2021-09-30,-15,1,-13,-24,-21,-1
TJ,Tajikistan,,,Dushanbe Metropolitan Area,,,ChIJ2buhwgvOtTgRDY8MehM-FKA,2021-10-01,-11,-3,-12,-25,-19,-2
TJ,Tajikistan,,,Dushanbe Metropolitan Area,,,ChIJ2buhwgvOtTgRDY8MehM-FKA,2021-10-02,-11,5,-13,-29,-21,-1
TJ,Tajikistan,,,Dushanbe Metropolitan Area,,,ChIJ2buhwgvOtTgRDY8MehM-FKA,2021-10-03,-12,3,-16,-29,-27,0
TJ,Tajikistan,,,Dushanbe Metropolitan Area,,,ChIJ2buhwgvOtTgRDY8MehM-FKA,2021-10-04,-10,5,-8,-30,-20,-2
TJ,Tajikistan,,,Dushanbe Metropolitan Area,,,ChIJ2buhwgvOtTgRDY8MehM-FKA,2021-10-05,-12,3,-12,-28,-20,-1
TJ,Tajikistan,,,Dushanbe Metropolitan Area,,,ChIJ2buhwgvOtTgRDY8MehM-FKA,2021-10-06,-13,6,-9,-20,-22,0
TJ,Tajikistan,,,Dushanbe Metropolitan Area,,,ChIJ2buhwgvOtTgRDY8MehM-FKA,2021-10-07,-13,8,-12,-27,-19,0
TJ,Tajikistan,,,Dushanbe Metropolitan Area,,,ChIJ2buhwgvOtTgRDY8MehM-FKA,2021-10-08,-12,-5,-14,-31,-17,1
TJ,Tajikistan,,,Dushanbe Metropolitan Area,,,ChIJ2buhwgvOtTgRDY8MehM-FKA,2021-10-09,-14,4,-22,-34,-20,0
TJ,Tajikistan,,,Dushanbe Metropolitan Area,,,ChIJ2buhwgvOtTgRDY8MehM-FKA,2021-10-10,-16,1,-28,-34,-31,3
TJ,Tajikistan,,,Dushanbe Metropolitan Area,,,ChIJ2buhwgvOtTgRDY8MehM-FKA,2021-10-11,-12,7,-12,-30,-18,0
TJ,Tajikistan,,,Dushanbe Metropolitan Area,,,ChIJ2buhwgvOtTgRDY8MehM-FKA,2021-10-12,-13,3,-16,-27,-17,0
TJ,Tajikistan,,,Dushanbe Metropolitan Area,,,ChIJ2buhwgvOtTgRDY8MehM-FKA,2021-10-13,-13,6,-14,-23,-19,1
TJ,Tajikistan,,,Dushanbe Metropolitan Area,,,ChIJ2buhwgvOtTgRDY8MehM-FKA,2021-10-14,-12,3,-16,-22,-18,0
TJ,Tajikistan,,,Dushanbe Metropolitan Area,,,ChIJ2buhwgvOtTgRDY8MehM-FKA,2021-10-15,-11,-4,-18,-25,-15,2
TJ,Tajikistan,,,Dushanbe Metropolitan Area,,,ChIJ2buhwgvOtTgRDY8MehM-FKA,2021-10-16,-11,5,-21,-31,-18,1
TJ,Tajikistan,,,Dushanbe Metropolitan Area,,,ChIJ2buhwgvOtTgRDY8MehM-FKA,2021-10-17,-15,1,-20,-33,-31,3
TJ,Tajikistan,,,Dushanbe Metropolitan Area,,,ChIJ2buhwgvOtTgRDY8MehM-FKA,2021-10-18,-12,7,-12,-29,-18,1
TJ,Tajikistan,,,Dushanbe Metropolitan Area,,,ChIJ2buhwgvOtTgRDY8MehM-FKA,2021-10-19,-12,4,-18,-28,-17,0
TJ,Tajikistan,,,Dushanbe Metropolitan Area,,,ChIJ2buhwgvOtTgRDY8MehM-FKA,2021-10-20,-15,4,-17,-21,-18,1
TJ,Tajikistan,,,Dushanbe Metropolitan Area,,,ChIJ2buhwgvOtTgRDY8MehM-FKA,2021-10-21,-14,5,-22,-22,-17,1
TJ,Tajikistan,,,Dushanbe Metropolitan Area,,,ChIJ2buhwgvOtTgRDY8MehM-FKA,2021-10-22,-18,-11,-34,-29,-17,4
TJ,Tajikistan,,,Dushanbe Metropolitan Area,,,ChIJ2buhwgvOtTgRDY8MehM-FKA,2021-10-23,-13,4,-24,-30,-16,3
TJ,Tajikistan,,,Dushanbe Metropolitan Area,,,ChIJ2buhwgvOtTgRDY8MehM-FKA,2021-10-24,-16,0,-28,-35,-29,4
TJ,Tajikistan,,,Dushanbe Metropolitan Area,,,ChIJ2buhwgvOtTgRDY8MehM-FKA,2021-10-25,-13,2,-17,-33,-17,1
TJ,Tajikistan,,,Dushanbe Metropolitan Area,,,ChIJ2buhwgvOtTgRDY8MehM-FKA,2021-10-26,-16,1,-20,-29,-15,1
TJ,Tajikistan,,,Dushanbe Metropolitan Area,,,ChIJ2buhwgvOtTgRDY8MehM-FKA,2021-10-27,-15,3,-20,-19,-17,2
TJ,Tajikistan,,,Dushanbe Metropolitan Area,,,ChIJ2buhwgvOtTgRDY8MehM-FKA,2021-10-28,-14,-1,-23,-22,-16,2
TJ,Tajikistan,,,Dushanbe Metropolitan Area,,,ChIJ2buhwgvOtTgRDY8MehM-FKA,2021-10-29,-11,-4,-20,-28,-14,2
TJ,Tajikistan,,,Dushanbe Metropolitan Area,,,ChIJ2buhwgvOtTgRDY8MehM-FKA,2021-10-30,-12,5,-20,-29,-13,2
TJ,Tajikistan,,,Dushanbe Metropolitan Area,,,ChIJ2buhwgvOtTgRDY8MehM-FKA,2021-10-31,-15,-1,-26,-32,-28,3
TJ,Tajikistan,,,Dushanbe Metropolitan Area,,,ChIJ2buhwgvOtTgRDY8MehM-FKA,2021-11-01,-12,5,-18,-30,-19,0
TJ,Tajikistan,,,Dushanbe Metropolitan Area,,,ChIJ2buhwgvOtTgRDY8MehM-FKA,2021-11-02,-11,5,-18,-25,-17,0
TJ,Tajikistan,,,Dushanbe Metropolitan Area,,,ChIJ2buhwgvOtTgRDY8MehM-FKA,2021-11-03,-11,6,-11,-20,-20,0
TJ,Tajikistan,,,Dushanbe Metropolitan Area,,,ChIJ2buhwgvOtTgRDY8MehM-FKA,2021-11-04,-11,10,-19,-21,-18,1
TJ,Tajikistan,,,Dushanbe Metropolitan Area,,,ChIJ2buhwgvOtTgRDY8MehM-FKA,2021-11-05,-6,-2,-19,-18,-18,2
TJ,Tajikistan,,,Dushanbe Metropolitan Area,,,ChIJ2buhwgvOtTgRDY8MehM-FKA,2021-11-06,-17,1,-31,-33,-43,8
TJ,Tajikistan,,,Dushanbe Metropolitan Area,,,ChIJ2buhwgvOtTgRDY8MehM-FKA,2021-11-07,-15,-1,-28,-27,-32,4
TJ,Tajikistan,,,Dushanbe Metropolitan Area,,,ChIJ2buhwgvOtTgRDY8MehM-FKA,2021-11-08,-14,7,-23,-30,-36,7
TJ,Tajikistan,,,Dushanbe Metropolitan Area,,,ChIJ2buhwgvOtTgRDY8MehM-FKA,2021-11-09,-11,6,-18,-23,-15,1
TJ,Tajikistan,,,Dushanbe Metropolitan Area,,,ChIJ2buhwgvOtTgRDY8MehM-FKA,2021-11-10,-11,11,-15,-18,-17,2
TJ,Tajikistan,,,Dushanbe Metropolitan Area,,,ChIJ2buhwgvOtTgRDY8MehM-FKA,2021-11-11,-10,9,-18,-20,-12,2
TJ,Tajikistan,,,Dushanbe Metropolitan Area,,,ChIJ2buhwgvOtTgRDY8MehM-FKA,2021-11-12,-10,-3,-20,-19,-11,3
TJ,Tajikistan,,,Dushanbe Metropolitan Area,,,ChIJ2buhwgvOtTgRDY8MehM-FKA,2021-11-13,-11,6,-19,-23,-13,3
