country_region_code,country_region,sub_region_1,sub_region_2,metro_area,iso_3166_2_code,census_fips_code,place_id,date,retail_and_recreation_percent_change_from_baseline,grocery_and_pharmacy_percent_change_from_baseline,parks_percent_change_from_baseline,transit_stations_percent_change_from_baseline,workplaces_percent_change_from_baseline,residential_percent_change_from_baseline
ZM,Zambia,,,,,,ChIJcQv8_KX0QBkRRT5Yfqz5n_E,2021-01-01,-10,-2,38,-23,-64,21
ZM,Zambia,,,,,,ChIJcQv8_KX0QBkRRT5Yfqz5n_E,2021-01-02,-7,3,26,-12,-18,15
ZM,Zambia,,,,,,ChIJcQv8_KX0QBkRRT5Yfqz5n_E,2021-01-03,3,15,30,-4,-14,9
ZM,Zambia,,,,,,ChIJcQv8_KX0QBkRRT5Yfqz5n_E,2021-01-04,14,24,20,5,-14,10
ZM,Zambia,,,,,,ChIJcQv8_KX0QBkRRT5Yfqz5n_E,2021-01-05,7,17,22,1,-14,10
ZM,Zambia,,,,,,ChIJcQv8_KX0QBkRRT5Yfqz5n_E,2021-01-06,6,20,21,3,-14,12
ZM,Zambia,,,,,,ChIJcQv8_KX0QBkRRT5Yfqz5n_E,2021-01-07,4,19,20,3,-16,13
ZM,Zambia,,,,,,ChIJcQv8_KX0QBkRRT5Yfqz5n_E,2021-01-08,-3,13,17,0,-12,13
ZM,Zambia,,,,,,ChIJcQv8_KX0QBkRRT5Yfqz5n_E,2021-01-09,-4,11,18,-4,-5,10
ZM,Zambia,,,,,,ChIJcQv8_KX0QBkRRT5Yfqz5n_E,2021-01-10,-2,10,20,-15,-13,11
ZM,Zambia,,,,,,ChIJcQv8_KX0QBkRRT5Yfqz5n_E,2021-01-11,4,14,22,-6,-14,12
ZM,Zambia,,,,,,ChIJcQv8_KX0QBkRRT5Yfqz5n_E,2021-01-12,0,10,20,-6,-17,11
ZM,Zambia,,,,,,ChIJcQv8_KX0QBkRRT5Yfqz5n_E,2021-01-13,-6,5,14,-12,-20,11
ZM,Zambia,,,,,,ChIJcQv8_KX0QBkRRT5Yfqz5n_E,2021-01-14,-11,-4,7,-17,-27,12
ZM,Zambia,,,,,,ChIJcQv8_KX0QBkRRT5Yfqz5n_E,2021-01-15,-18,-9,0,-21,-28,14
ZM,Zambia,,,,,,ChIJcQv8_KX0QBkRRT5Yfqz5n_E,2021-01-16,-21,-13,2,-26,-23,13
ZM,Zambia,,,,,,ChIJcQv8_KX0QBkRRT5Yfqz5n_E,2021-01-17,-21,-15,-3,-34,-28,14
ZM,Zambia,,,,,,ChIJcQv8_KX0QBkRRT5Yfqz5n_E,2021-01-18,-16,-12,2,-26,-29,16
ZM,Zambia,,,,,,ChIJcQv8_KX0QBkRRT5Yfqz5n_E,2021-01-19,-18,-12,2,-25,-30,16
ZM,Zambia,,,,,,ChIJcQv8_KX0QBkRRT5Yfqz5n_E,2021-01-20,-15,-7,4,-23,-29,17
ZM,Zambia,,,,,,ChIJcQv8_KX0QBkRRT5Yfqz5n_E,2021-01-21,-12,-4,3,-17,-29,15
ZM,Zambia,,,,,,ChIJcQv8_KX0QBkRRT5Yfqz5n_E,2021-01-22,-15,-4,3,-19,-26,16
ZM,Zambia,,,,,,ChIJcQv8_KX0QBkRRT5Yfqz5n_E,2021-01-23,-15,-5,0,-21,-19,13
ZM,Zambia,,,,,,ChIJcQv8_KX0QBkRRT5Yfqz5n_E,2021-01-24,-14,-6,4,-28,-24,13
ZM,Zambia,,,,,,ChIJcQv8_KX0QBkRRT5Yfqz5n_E,2021-01-25,-8,-1,6,-21,-25,16
ZM,Zambia,,,,,,ChIJcQv8_KX0QBkRRT5Yfqz5n_E,2021-01-26,-10,-3,11,-21,-26,15
ZM,Zambia,,,,,,ChIJcQv8_KX0QBkRRT5Yfqz5n_E,2021-01-27,-4,6,9,-13,-24,14
ZM,Zambia,,,,,,ChIJcQv8_KX0QBkRRT5Yfqz5n_E,2021-01-28,-5,4,5,-12,-25,14
ZM,Zambia,,,,,,ChIJcQv8_KX0QBkRRT5Yfqz5n_E,2021-01-29,-6,6,-1,-10,-22,12
ZM,Zambia,,,,,,ChIJcQv8_KX0QBkRRT5Yfqz5n_E,2021-01-30,0,12,-2,-8,-16,7
ZM,Zambia,,,,,,ChIJcQv8_KX0QBkRRT5Yfqz5n_E,2021-01-31,-1,11,-5,-17,-24,7
ZM,Zambia,,,,,,ChIJcQv8_KX0QBkRRT5Yfqz5n_E,2021-02-01,3,14,-7,-11,-22,7
ZM,Zambia,,,,,,ChIJcQv8_KX0QBkRRT5Yfqz5n_E,2021-02-02,-1,10,1,-11,-22,8
ZM,Zambia,,,,,,ChIJcQv8_KX0QBkRRT5Yfqz5n_E,2021-02-03,-3,10,3,-11,-21,9
ZM,Zambia,,,,,,ChIJcQv8_KX0QBkRRT5Yfqz5n_E,2021-02-04,-1,8,6,-11,-23,9
ZM,Zambia,,,,,,ChIJcQv8_KX0QBkRRT5Yfqz5n_E,2021-02-05,-7,6,4,-13,-20,10
ZM,Zambia,,,,,,ChIJcQv8_KX0QBkRRT5Yfqz5n_E,2021-02-06,-4,7,10,-13,-16,8
ZM,Zambia,,,,,,ChIJcQv8_KX0QBkRRT5Yfqz5n_E,2021-02-07,-7,4,10,-25,-24,10
ZM,Zambia,,,,,,ChIJcQv8_KX0QBkRRT5Yfqz5n_E,2021-02-08,-2,6,4,-14,-21,9
ZM,Zambia,,,,,,ChIJcQv8_KX0QBkRRT5Yfqz5n_E,2021-02-09,-3,6,8,-13,-20,10
ZM,Zambia,,,,,,ChIJcQv8_KX0QBkRRT5Yfqz5n_E,2021-02-10,-3,7,3,-13,-20,10
ZM,Zambia,,,,,,ChIJcQv8_KX0QBkRRT5Yfqz5n_E,2021-02-11,-3,8,-4,-11,-21,9
ZM,Zambia,,,,,,ChIJcQv8_KX0QBkRRT5Yfqz5n_E,2021-02-12,-5,7,-14,-11,-18,8
ZM,Zambia,,,,,,ChIJcQv8_KX0QBkRRT5Yfqz5n_E,2021-02-13,-2,10,-13,-13,-18,6
ZM,Zambia,,,,,,ChIJcQv8_KX0QBkRRT5Yfqz5n_E,2021-02-14,8,15,-10,-20,-24,5
ZM,Zambia,,,,,,ChIJcQv8_KX0QBkRRT5Yfqz5n_E,2021-02-15,-1,8,-14,-14,-19,7
ZM,Zambia,,,,,,ChIJcQv8_KX0QBkRRT5Yfqz5n_E,2021-02-16,-5,7,-18,-14,-21,7
ZM,Zambia,,,,,,ChIJcQv8_KX0QBkRRT5Yfqz5n_E,2021-02-17,-2,11,-17,-12,-18,7
ZM,Zambia,,,,,,ChIJcQv8_KX0QBkRRT5Yfqz5n_E,2021-02-18,-1,10,-14,-9,-20,7
ZM,Zambia,,,,,,ChIJcQv8_KX0QBkRRT5Yfqz5n_E,2021-02-19,-5,7,-15,-12,-16,7
ZM,Zambia,,,,,,ChIJcQv8_KX0QBkRRT5Yfqz5n_E,2021-02-20,-2,11,-12,-14,-16,5
ZM,Zambia,,,,,,ChIJcQv8_KX0QBkRRT5Yfqz5n_E,2021-02-21,-5,7,-14,-25,-27,7
ZM,Zambia,,,,,,ChIJcQv8_KX0QBkRRT5Yfqz5n_E,2021-02-22,0,10,-15,-13,-16,6
ZM,Zambia,,,,,,ChIJcQv8_KX0QBkRRT5Yfqz5n_E,2021-02-23,-3,8,-15,-13,-18,7
ZM,Zambia,,,,,,ChIJcQv8_KX0QBkRRT5Yfqz5n_E,2021-02-24,2,14,-15,-9,-16,7
ZM,Zambia,,,,,,ChIJcQv8_KX0QBkRRT5Yfqz5n_E,2021-02-25,6,19,-12,-3,-17,6
ZM,Zambia,,,,,,ChIJcQv8_KX0QBkRRT5Yfqz5n_E,2021-02-26,8,22,-10,-3,-15,6
ZM,Zambia,,,,,,ChIJcQv8_KX0QBkRRT5Yfqz5n_E,2021-02-27,14,28,-7,0,-12,3
ZM,Zambia,,,,,,ChIJcQv8_KX0QBkRRT5Yfqz5n_E,2021-02-28,9,22,-8,-15,-21,5
ZM,Zambia,,,,,,ChIJcQv8_KX0QBkRRT5Yfqz5n_E,2021-03-01,11,23,-13,-6,-16,6
ZM,Zambia,,,,,,ChIJcQv8_KX0QBkRRT5Yfqz5n_E,2021-03-02,13,25,-9,0,-14,4
ZM,Zambia,,,,,,ChIJcQv8_KX0QBkRRT5Yfqz5n_E,2021-03-03,12,26,-11,0,-13,4
ZM,Zambia,,,,,,ChIJcQv8_KX0QBkRRT5Yfqz5n_E,2021-03-04,12,23,-8,1,-15,4
ZM,Zambia,,,,,,ChIJcQv8_KX0QBkRRT5Yfqz5n_E,2021-03-05,9,22,-6,0,-11,4
ZM,Zambia,,,,,,ChIJcQv8_KX0QBkRRT5Yfqz5n_E,2021-03-06,11,23,-1,-2,-11,3
ZM,Zambia,,,,,,ChIJcQv8_KX0QBkRRT5Yfqz5n_E,2021-03-07,10,19,-2,-14,-20,4
ZM,Zambia,,,,,,ChIJcQv8_KX0QBkRRT5Yfqz5n_E,2021-03-08,8,14,-4,-11,-57,14
ZM,Zambia,,,,,,ChIJcQv8_KX0QBkRRT5Yfqz5n_E,2021-03-09,8,17,-10,-3,-13,4
ZM,Zambia,,,,,,ChIJcQv8_KX0QBkRRT5Yfqz5n_E,2021-03-10,10,22,-6,-3,-12,6
ZM,Zambia,,,,,,ChIJcQv8_KX0QBkRRT5Yfqz5n_E,2021-03-11,18,26,-4,4,-14,3
ZM,Zambia,,,,,,ChIJcQv8_KX0QBkRRT5Yfqz5n_E,2021-03-12,3,14,-4,-9,-52,13
ZM,Zambia,,,,,,ChIJcQv8_KX0QBkRRT5Yfqz5n_E,2021-03-13,5,15,-4,-10,-14,5
ZM,Zambia,,,,,,ChIJcQv8_KX0QBkRRT5Yfqz5n_E,2021-03-14,6,17,-5,-15,-19,4
ZM,Zambia,,,,,,ChIJcQv8_KX0QBkRRT5Yfqz5n_E,2021-03-15,9,17,-10,-7,-10,5
ZM,Zambia,,,,,,ChIJcQv8_KX0QBkRRT5Yfqz5n_E,2021-03-16,7,15,-10,-7,-11,5
ZM,Zambia,,,,,,ChIJcQv8_KX0QBkRRT5Yfqz5n_E,2021-03-17,8,19,-8,-4,-9,6
ZM,Zambia,,,,,,ChIJcQv8_KX0QBkRRT5Yfqz5n_E,2021-03-18,9,20,-6,-2,-10,5
ZM,Zambia,,,,,,ChIJcQv8_KX0QBkRRT5Yfqz5n_E,2021-03-19,7,18,-6,-4,-7,5
ZM,Zambia,,,,,,ChIJcQv8_KX0QBkRRT5Yfqz5n_E,2021-03-20,10,21,-2,-5,-7,4
ZM,Zambia,,,,,,ChIJcQv8_KX0QBkRRT5Yfqz5n_E,2021-03-21,9,21,-4,-14,-16,5
ZM,Zambia,,,,,,ChIJcQv8_KX0QBkRRT5Yfqz5n_E,2021-03-22,7,15,-8,-8,-8,6
ZM,Zambia,,,,,,ChIJcQv8_KX0QBkRRT5Yfqz5n_E,2021-03-23,9,18,-3,-8,-9,5
ZM,Zambia,,,,,,ChIJcQv8_KX0QBkRRT5Yfqz5n_E,2021-03-24,16,29,-3,1,-7,5
ZM,Zambia,,,,,,ChIJcQv8_KX0QBkRRT5Yfqz5n_E,2021-03-25,18,31,-2,4,-9,4
ZM,Zambia,,,,,,ChIJcQv8_KX0QBkRRT5Yfqz5n_E,2021-03-26,18,30,-1,5,-6,4
ZM,Zambia,,,,,,ChIJcQv8_KX0QBkRRT5Yfqz5n_E,2021-03-27,21,34,0,3,-6,2
ZM,Zambia,,,,,,ChIJcQv8_KX0QBkRRT5Yfqz5n_E,2021-03-28,20,34,3,-7,-14,3
ZM,Zambia,,,,,,ChIJcQv8_KX0QBkRRT5Yfqz5n_E,2021-03-29,18,28,-1,0,-6,4
ZM,Zambia,,,,,,ChIJcQv8_KX0QBkRRT5Yfqz5n_E,2021-03-30,16,27,-5,0,-7,4
ZM,Zambia,,,,,,ChIJcQv8_KX0QBkRRT5Yfqz5n_E,2021-03-31,23,37,-5,5,-7,4
ZM,Zambia,,,,,,ChIJcQv8_KX0QBkRRT5Yfqz5n_E,2021-04-01,34,43,1,16,-8,1
ZM,Zambia,,,,,,ChIJcQv8_KX0QBkRRT5Yfqz5n_E,2021-04-02,16,32,8,5,-52,9
ZM,Zambia,,,,,,ChIJcQv8_KX0QBkRRT5Yfqz5n_E,2021-04-03,16,28,14,-1,-24,3
ZM,Zambia,,,,,,ChIJcQv8_KX0QBkRRT5Yfqz5n_E,2021-04-04,19,29,14,-9,-19,1
ZM,Zambia,,,,,,ChIJcQv8_KX0QBkRRT5Yfqz5n_E,2021-04-05,12,20,-1,-5,-57,12
ZM,Zambia,,,,,,ChIJcQv8_KX0QBkRRT5Yfqz5n_E,2021-04-06,17,30,-3,4,-5,4
ZM,Zambia,,,,,,ChIJcQv8_KX0QBkRRT5Yfqz5n_E,2021-04-07,19,33,-2,5,-6,5
ZM,Zambia,,,,,,ChIJcQv8_KX0QBkRRT5Yfqz5n_E,2021-04-08,19,32,1,8,-6,5
ZM,Zambia,,,,,,ChIJcQv8_KX0QBkRRT5Yfqz5n_E,2021-04-09,16,31,-1,6,-2,4
ZM,Zambia,,,,,,ChIJcQv8_KX0QBkRRT5Yfqz5n_E,2021-04-10,19,31,2,4,-4,3
ZM,Zambia,,,,,,ChIJcQv8_KX0QBkRRT5Yfqz5n_E,2021-04-11,17,30,-2,-7,-12,4
ZM,Zambia,,,,,,ChIJcQv8_KX0QBkRRT5Yfqz5n_E,2021-04-12,15,27,-3,1,-2,5
ZM,Zambia,,,,,,ChIJcQv8_KX0QBkRRT5Yfqz5n_E,2021-04-13,15,26,-2,2,-4,5
ZM,Zambia,,,,,,ChIJcQv8_KX0QBkRRT5Yfqz5n_E,2021-04-14,19,31,-2,5,-4,5
ZM,Zambia,,,,,,ChIJcQv8_KX0QBkRRT5Yfqz5n_E,2021-04-15,19,30,2,7,-4,5
ZM,Zambia,,,,,,ChIJcQv8_KX0QBkRRT5Yfqz5n_E,2021-04-16,17,29,1,6,1,4
ZM,Zambia,,,,,,ChIJcQv8_KX0QBkRRT5Yfqz5n_E,2021-04-17,18,29,5,4,-4,5
ZM,Zambia,,,,,,ChIJcQv8_KX0QBkRRT5Yfqz5n_E,2021-04-18,16,30,3,-7,-12,5
ZM,Zambia,,,,,,ChIJcQv8_KX0QBkRRT5Yfqz5n_E,2021-04-19,18,27,0,2,0,6
ZM,Zambia,,,,,,ChIJcQv8_KX0QBkRRT5Yfqz5n_E,2021-04-20,16,25,0,3,-3,6
ZM,Zambia,,,,,,ChIJcQv8_KX0QBkRRT5Yfqz5n_E,2021-04-21,23,34,2,8,-2,5
ZM,Zambia,,,,,,ChIJcQv8_KX0QBkRRT5Yfqz5n_E,2021-04-22,22,33,1,11,-2,5
ZM,Zambia,,,,,,ChIJcQv8_KX0QBkRRT5Yfqz5n_E,2021-04-23,28,39,9,16,1,4
ZM,Zambia,,,,,,ChIJcQv8_KX0QBkRRT5Yfqz5n_E,2021-04-24,34,46,11,16,-1,2
ZM,Zambia,,,,,,ChIJcQv8_KX0QBkRRT5Yfqz5n_E,2021-04-25,30,44,10,3,-12,3
ZM,Zambia,,,,,,ChIJcQv8_KX0QBkRRT5Yfqz5n_E,2021-04-26,32,43,6,14,-3,5
ZM,Zambia,,,,,,ChIJcQv8_KX0QBkRRT5Yfqz5n_E,2021-04-27,28,41,7,13,-4,5
ZM,Zambia,,,,,,ChIJcQv8_KX0QBkRRT5Yfqz5n_E,2021-04-28,31,46,6,17,-4,5
ZM,Zambia,,,,,,ChIJcQv8_KX0QBkRRT5Yfqz5n_E,2021-04-29,32,44,13,21,-6,4
ZM,Zambia,,,,,,ChIJcQv8_KX0QBkRRT5Yfqz5n_E,2021-04-30,33,45,9,21,-2,4
ZM,Zambia,,,,,,ChIJcQv8_KX0QBkRRT5Yfqz5n_E,2021-05-01,30,44,15,13,-18,3
ZM,Zambia,,,,,,ChIJcQv8_KX0QBkRRT5Yfqz5n_E,2021-05-02,30,42,12,5,-12,3
ZM,Zambia,,,,,,ChIJcQv8_KX0QBkRRT5Yfqz5n_E,2021-05-03,33,43,10,17,-4,4
ZM,Zambia,,,,,,ChIJcQv8_KX0QBkRRT5Yfqz5n_E,2021-05-04,30,42,10,18,-3,4
ZM,Zambia,,,,,,ChIJcQv8_KX0QBkRRT5Yfqz5n_E,2021-05-05,33,48,8,21,-3,4
ZM,Zambia,,,,,,ChIJcQv8_KX0QBkRRT5Yfqz5n_E,2021-05-06,33,46,12,25,-4,4
ZM,Zambia,,,,,,ChIJcQv8_KX0QBkRRT5Yfqz5n_E,2021-05-07,33,48,12,26,1,4
ZM,Zambia,,,,,,ChIJcQv8_KX0QBkRRT5Yfqz5n_E,2021-05-08,36,48,18,25,-1,2
ZM,Zambia,,,,,,ChIJcQv8_KX0QBkRRT5Yfqz5n_E,2021-05-09,37,49,14,13,-10,2
ZM,Zambia,,,,,,ChIJcQv8_KX0QBkRRT5Yfqz5n_E,2021-05-10,31,41,7,17,-1,3
ZM,Zambia,,,,,,ChIJcQv8_KX0QBkRRT5Yfqz5n_E,2021-05-11,27,40,11,16,0,3
ZM,Zambia,,,,,,ChIJcQv8_KX0QBkRRT5Yfqz5n_E,2021-05-12,31,49,12,21,-1,4
ZM,Zambia,,,,,,ChIJcQv8_KX0QBkRRT5Yfqz5n_E,2021-05-13,30,44,10,22,-3,4
ZM,Zambia,,,,,,ChIJcQv8_KX0QBkRRT5Yfqz5n_E,2021-05-14,30,42,12,23,0,3
ZM,Zambia,,,,,,ChIJcQv8_KX0QBkRRT5Yfqz5n_E,2021-05-15,32,43,17,17,-1,2
ZM,Zambia,,,,,,ChIJcQv8_KX0QBkRRT5Yfqz5n_E,2021-05-16,31,46,14,5,-9,3
ZM,Zambia,,,,,,ChIJcQv8_KX0QBkRRT5Yfqz5n_E,2021-05-17,29,40,11,13,4,3
ZM,Zambia,,,,,,ChIJcQv8_KX0QBkRRT5Yfqz5n_E,2021-05-18,25,38,13,12,2,4
ZM,Zambia,,,,,,ChIJcQv8_KX0QBkRRT5Yfqz5n_E,2021-05-19,27,41,13,14,3,5
ZM,Zambia,,,,,,ChIJcQv8_KX0QBkRRT5Yfqz5n_E,2021-05-20,29,42,21,14,2,4
ZM,Zambia,,,,,,ChIJcQv8_KX0QBkRRT5Yfqz5n_E,2021-05-21,32,45,26,16,8,3
ZM,Zambia,,,,,,ChIJcQv8_KX0QBkRRT5Yfqz5n_E,2021-05-22,36,49,33,17,4,2
ZM,Zambia,,,,,,ChIJcQv8_KX0QBkRRT5Yfqz5n_E,2021-05-23,33,48,26,1,-6,3
ZM,Zambia,,,,,,ChIJcQv8_KX0QBkRRT5Yfqz5n_E,2021-05-24,39,49,18,14,4,4
ZM,Zambia,,,,,,ChIJcQv8_KX0QBkRRT5Yfqz5n_E,2021-05-25,31,46,28,7,-49,12
ZM,Zambia,,,,,,ChIJcQv8_KX0QBkRRT5Yfqz5n_E,2021-05-26,39,58,28,23,7,3
ZM,Zambia,,,,,,ChIJcQv8_KX0QBkRRT5Yfqz5n_E,2021-05-27,40,55,33,23,5,4
ZM,Zambia,,,,,,ChIJcQv8_KX0QBkRRT5Yfqz5n_E,2021-05-28,42,56,39,24,12,2
ZM,Zambia,,,,,,ChIJcQv8_KX0QBkRRT5Yfqz5n_E,2021-05-29,48,59,39,23,10,0
ZM,Zambia,,,,,,ChIJcQv8_KX0QBkRRT5Yfqz5n_E,2021-05-30,41,58,29,7,-2,2
ZM,Zambia,,,,,,ChIJcQv8_KX0QBkRRT5Yfqz5n_E,2021-05-31,41,53,31,18,10,2
ZM,Zambia,,,,,,ChIJcQv8_KX0QBkRRT5Yfqz5n_E,2021-06-01,41,56,34,18,5,2
ZM,Zambia,,,,,,ChIJcQv8_KX0QBkRRT5Yfqz5n_E,2021-06-02,42,61,35,19,5,3
ZM,Zambia,,,,,,ChIJcQv8_KX0QBkRRT5Yfqz5n_E,2021-06-03,40,55,45,22,3,4
ZM,Zambia,,,,,,ChIJcQv8_KX0QBkRRT5Yfqz5n_E,2021-06-04,39,53,47,23,10,4
ZM,Zambia,,,,,,ChIJcQv8_KX0QBkRRT5Yfqz5n_E,2021-06-05,38,51,46,19,8,3
ZM,Zambia,,,,,,ChIJcQv8_KX0QBkRRT5Yfqz5n_E,2021-06-06,37,53,35,3,-3,4
ZM,Zambia,,,,,,ChIJcQv8_KX0QBkRRT5Yfqz5n_E,2021-06-07,35,49,40,15,7,5
ZM,Zambia,,,,,,ChIJcQv8_KX0QBkRRT5Yfqz5n_E,2021-06-08,33,47,32,15,2,5
ZM,Zambia,,,,,,ChIJcQv8_KX0QBkRRT5Yfqz5n_E,2021-06-09,35,50,26,15,1,6
ZM,Zambia,,,,,,ChIJcQv8_KX0QBkRRT5Yfqz5n_E,2021-06-10,35,51,29,18,0,5
ZM,Zambia,,,,,,ChIJcQv8_KX0QBkRRT5Yfqz5n_E,2021-06-11,32,49,30,18,5,6
ZM,Zambia,,,,,,ChIJcQv8_KX0QBkRRT5Yfqz5n_E,2021-06-12,31,45,27,12,5,5
ZM,Zambia,,,,,,ChIJcQv8_KX0QBkRRT5Yfqz5n_E,2021-06-13,28,46,28,0,-5,5
ZM,Zambia,,,,,,ChIJcQv8_KX0QBkRRT5Yfqz5n_E,2021-06-14,30,45,20,7,2,6
ZM,Zambia,,,,,,ChIJcQv8_KX0QBkRRT5Yfqz5n_E,2021-06-15,27,43,24,8,-2,7
ZM,Zambia,,,,,,ChIJcQv8_KX0QBkRRT5Yfqz5n_E,2021-06-16,29,48,24,9,-4,7
ZM,Zambia,,,,,,ChIJcQv8_KX0QBkRRT5Yfqz5n_E,2021-06-17,27,47,26,11,-10,9
ZM,Zambia,,,,,,ChIJcQv8_KX0QBkRRT5Yfqz5n_E,2021-06-18,22,43,28,8,-7,11
ZM,Zambia,,,,,,ChIJcQv8_KX0QBkRRT5Yfqz5n_E,2021-06-19,17,36,20,1,-1,8
ZM,Zambia,,,,,,ChIJcQv8_KX0QBkRRT5Yfqz5n_E,2021-06-20,14,34,24,-10,-13,8
ZM,Zambia,,,,,,ChIJcQv8_KX0QBkRRT5Yfqz5n_E,2021-06-21,18,35,18,0,-11,10
ZM,Zambia,,,,,,ChIJcQv8_KX0QBkRRT5Yfqz5n_E,2021-06-22,17,33,24,1,-16,10
ZM,Zambia,,,,,,ChIJcQv8_KX0QBkRRT5Yfqz5n_E,2021-06-23,20,42,21,3,-14,10
ZM,Zambia,,,,,,ChIJcQv8_KX0QBkRRT5Yfqz5n_E,2021-06-24,21,44,26,6,-17,11
ZM,Zambia,,,,,,ChIJcQv8_KX0QBkRRT5Yfqz5n_E,2021-06-25,26,51,22,8,-10,10
ZM,Zambia,,,,,,ChIJcQv8_KX0QBkRRT5Yfqz5n_E,2021-06-26,25,50,28,8,0,7
ZM,Zambia,,,,,,ChIJcQv8_KX0QBkRRT5Yfqz5n_E,2021-06-27,21,46,23,-5,-12,7
ZM,Zambia,,,,,,ChIJcQv8_KX0QBkRRT5Yfqz5n_E,2021-06-28,28,48,18,6,-12,8
ZM,Zambia,,,,,,ChIJcQv8_KX0QBkRRT5Yfqz5n_E,2021-06-29,24,45,21,6,-14,9
ZM,Zambia,,,,,,ChIJcQv8_KX0QBkRRT5Yfqz5n_E,2021-06-30,31,57,25,12,-13,8
ZM,Zambia,,,,,,ChIJcQv8_KX0QBkRRT5Yfqz5n_E,2021-07-01,34,58,28,18,-15,8
ZM,Zambia,,,,,,ChIJcQv8_KX0QBkRRT5Yfqz5n_E,2021-07-02,22,49,26,11,-31,14
ZM,Zambia,,,,,,ChIJcQv8_KX0QBkRRT5Yfqz5n_E,2021-07-03,27,53,28,17,-1,6
ZM,Zambia,,,,,,ChIJcQv8_KX0QBkRRT5Yfqz5n_E,2021-07-04,24,50,33,-2,-14,6
ZM,Zambia,,,,,,ChIJcQv8_KX0QBkRRT5Yfqz5n_E,2021-07-05,24,44,35,2,-49,14
ZM,Zambia,,,,,,ChIJcQv8_KX0QBkRRT5Yfqz5n_E,2021-07-06,18,40,34,0,-51,15
ZM,Zambia,,,,,,ChIJcQv8_KX0QBkRRT5Yfqz5n_E,2021-07-07,2,23,28,-15,-60,19
ZM,Zambia,,,,,,ChIJcQv8_KX0QBkRRT5Yfqz5n_E,2021-07-08,31,56,24,20,-10,7
ZM,Zambia,,,,,,ChIJcQv8_KX0QBkRRT5Yfqz5n_E,2021-07-09,25,50,28,14,-5,8
ZM,Zambia,,,,,,ChIJcQv8_KX0QBkRRT5Yfqz5n_E,2021-07-10,21,46,29,11,4,6
ZM,Zambia,,,,,,ChIJcQv8_KX0QBkRRT5Yfqz5n_E,2021-07-11,18,42,30,-5,-9,7
ZM,Zambia,,,,,,ChIJcQv8_KX0QBkRRT5Yfqz5n_E,2021-07-12,29,48,25,12,-6,7
ZM,Zambia,,,,,,ChIJcQv8_KX0QBkRRT5Yfqz5n_E,2021-07-13,25,47,29,12,-9,6
ZM,Zambia,,,,,,ChIJcQv8_KX0QBkRRT5Yfqz5n_E,2021-07-14,27,54,26,12,-8,7
ZM,Zambia,,,,,,ChIJcQv8_KX0QBkRRT5Yfqz5n_E,2021-07-15,27,50,31,15,-9,7
ZM,Zambia,,,,,,ChIJcQv8_KX0QBkRRT5Yfqz5n_E,2021-07-16,22,47,29,13,-3,8
ZM,Zambia,,,,,,ChIJcQv8_KX0QBkRRT5Yfqz5n_E,2021-07-17,21,45,30,10,4,5
ZM,Zambia,,,,,,ChIJcQv8_KX0QBkRRT5Yfqz5n_E,2021-07-18,18,43,31,-4,-10,6
ZM,Zambia,,,,,,ChIJcQv8_KX0QBkRRT5Yfqz5n_E,2021-07-19,26,46,23,8,-4,7
ZM,Zambia,,,,,,ChIJcQv8_KX0QBkRRT5Yfqz5n_E,2021-07-20,25,44,27,9,-7,6
ZM,Zambia,,,,,,ChIJcQv8_KX0QBkRRT5Yfqz5n_E,2021-07-21,27,50,25,12,-8,6
ZM,Zambia,,,,,,ChIJcQv8_KX0QBkRRT5Yfqz5n_E,2021-07-22,26,50,30,14,-8,6
ZM,Zambia,,,,,,ChIJcQv8_KX0QBkRRT5Yfqz5n_E,2021-07-23,27,51,26,14,-1,6
ZM,Zambia,,,,,,ChIJcQv8_KX0QBkRRT5Yfqz5n_E,2021-07-24,31,58,32,16,6,4
ZM,Zambia,,,,,,ChIJcQv8_KX0QBkRRT5Yfqz5n_E,2021-07-25,27,55,35,1,-8,5
ZM,Zambia,,,,,,ChIJcQv8_KX0QBkRRT5Yfqz5n_E,2021-07-26,37,59,28,15,-2,5
ZM,Zambia,,,,,,ChIJcQv8_KX0QBkRRT5Yfqz5n_E,2021-07-27,34,58,31,15,-6,5
ZM,Zambia,,,,,,ChIJcQv8_KX0QBkRRT5Yfqz5n_E,2021-07-28,37,64,32,18,-5,5
ZM,Zambia,,,,,,ChIJcQv8_KX0QBkRRT5Yfqz5n_E,2021-07-29,37,62,33,20,-7,4
ZM,Zambia,,,,,,ChIJcQv8_KX0QBkRRT5Yfqz5n_E,2021-07-30,35,62,39,23,-1,4
ZM,Zambia,,,,,,ChIJcQv8_KX0QBkRRT5Yfqz5n_E,2021-07-31,37,63,41,20,9,2
ZM,Zambia,,,,,,ChIJcQv8_KX0QBkRRT5Yfqz5n_E,2021-08-01,35,61,42,4,-4,2
ZM,Zambia,,,,,,ChIJcQv8_KX0QBkRRT5Yfqz5n_E,2021-08-02,31,52,37,7,-48,11
ZM,Zambia,,,,,,ChIJcQv8_KX0QBkRRT5Yfqz5n_E,2021-08-03,38,62,35,22,-2,3
ZM,Zambia,,,,,,ChIJcQv8_KX0QBkRRT5Yfqz5n_E,2021-08-04,40,67,35,20,-2,4
ZM,Zambia,,,,,,ChIJcQv8_KX0QBkRRT5Yfqz5n_E,2021-08-05,39,62,35,18,-3,4
ZM,Zambia,,,,,,ChIJcQv8_KX0QBkRRT5Yfqz5n_E,2021-08-06,36,59,36,16,4,5
ZM,Zambia,,,,,,ChIJcQv8_KX0QBkRRT5Yfqz5n_E,2021-08-07,36,59,41,15,11,2
ZM,Zambia,,,,,,ChIJcQv8_KX0QBkRRT5Yfqz5n_E,2021-08-08,31,54,34,-6,-6,1
ZM,Zambia,,,,,,ChIJcQv8_KX0QBkRRT5Yfqz5n_E,2021-08-09,38,56,33,9,1,2
ZM,Zambia,,,,,,ChIJcQv8_KX0QBkRRT5Yfqz5n_E,2021-08-10,39,60,32,14,-2,3
ZM,Zambia,,,,,,ChIJcQv8_KX0QBkRRT5Yfqz5n_E,2021-08-11,49,81,31,21,-7,2
ZM,Zambia,,,,,,ChIJcQv8_KX0QBkRRT5Yfqz5n_E,2021-08-12,-13,1,39,-22,-70,10
ZM,Zambia,,,,,,ChIJcQv8_KX0QBkRRT5Yfqz5n_E,2021-08-13,-19,4,25,-35,-59,26
ZM,Zambia,,,,,,ChIJcQv8_KX0QBkRRT5Yfqz5n_E,2021-08-14,-6,17,23,-27,-20,18
ZM,Zambia,,,,,,ChIJcQv8_KX0QBkRRT5Yfqz5n_E,2021-08-15,0,24,20,-27,-16,15
ZM,Zambia,,,,,,ChIJcQv8_KX0QBkRRT5Yfqz5n_E,2021-08-16,18,38,23,-14,-20,15
ZM,Zambia,,,,,,ChIJcQv8_KX0QBkRRT5Yfqz5n_E,2021-08-17,34,58,28,10,-4,6
ZM,Zambia,,,,,,ChIJcQv8_KX0QBkRRT5Yfqz5n_E,2021-08-18,36,61,29,15,3,5
ZM,Zambia,,,,,,ChIJcQv8_KX0QBkRRT5Yfqz5n_E,2021-08-19,34,56,31,16,1,5
ZM,Zambia,,,,,,ChIJcQv8_KX0QBkRRT5Yfqz5n_E,2021-08-20,34,54,31,15,7,5
ZM,Zambia,,,,,,ChIJcQv8_KX0QBkRRT5Yfqz5n_E,2021-08-21,35,55,36,13,11,3
ZM,Zambia,,,,,,ChIJcQv8_KX0QBkRRT5Yfqz5n_E,2021-08-22,32,53,33,-1,-2,4
ZM,Zambia,,,,,,ChIJcQv8_KX0QBkRRT5Yfqz5n_E,2021-08-23,44,57,30,12,3,3
ZM,Zambia,,,,,,ChIJcQv8_KX0QBkRRT5Yfqz5n_E,2021-08-24,22,32,32,-14,-55,17
ZM,Zambia,,,,,,ChIJcQv8_KX0QBkRRT5Yfqz5n_E,2021-08-25,44,71,34,19,3,1
ZM,Zambia,,,,,,ChIJcQv8_KX0QBkRRT5Yfqz5n_E,2021-08-26,45,67,36,19,-1,2
ZM,Zambia,,,,,,ChIJcQv8_KX0QBkRRT5Yfqz5n_E,2021-08-27,44,66,37,20,8,2
ZM,Zambia,,,,,,ChIJcQv8_KX0QBkRRT5Yfqz5n_E,2021-08-28,49,68,45,18,12,1
ZM,Zambia,,,,,,ChIJcQv8_KX0QBkRRT5Yfqz5n_E,2021-08-29,45,65,38,0,-3,3
ZM,Zambia,,,,,,ChIJcQv8_KX0QBkRRT5Yfqz5n_E,2021-08-30,43,61,33,14,5,2
ZM,Zambia,,,,,,ChIJcQv8_KX0QBkRRT5Yfqz5n_E,2021-08-31,43,62,35,16,3,1
ZM,Zambia,,,,,,ChIJcQv8_KX0QBkRRT5Yfqz5n_E,2021-09-01,46,68,33,19,3,1
ZM,Zambia,,,,,,ChIJcQv8_KX0QBkRRT5Yfqz5n_E,2021-09-02,45,66,39,21,3,1
ZM,Zambia,,,,,,ChIJcQv8_KX0QBkRRT5Yfqz5n_E,2021-09-03,43,62,41,21,10,2
ZM,Zambia,,,,,,ChIJcQv8_KX0QBkRRT5Yfqz5n_E,2021-09-04,47,62,44,21,12,1
ZM,Zambia,,,,,,ChIJcQv8_KX0QBkRRT5Yfqz5n_E,2021-09-05,44,62,42,2,-1,2
ZM,Zambia,,,,,,ChIJcQv8_KX0QBkRRT5Yfqz5n_E,2021-09-06,42,56,32,14,9,2
ZM,Zambia,,,,,,ChIJcQv8_KX0QBkRRT5Yfqz5n_E,2021-09-07,39,53,39,12,6,1
ZM,Zambia,,,,,,ChIJcQv8_KX0QBkRRT5Yfqz5n_E,2021-09-08,40,59,35,15,8,1
ZM,Zambia,,,,,,ChIJcQv8_KX0QBkRRT5Yfqz5n_E,2021-09-09,40,55,38,16,6,2
ZM,Zambia,,,,,,ChIJcQv8_KX0QBkRRT5Yfqz5n_E,2021-09-10,41,55,38,14,13,2
ZM,Zambia,,,,,,ChIJcQv8_KX0QBkRRT5Yfqz5n_E,2021-09-11,41,52,47,12,12,3
ZM,Zambia,,,,,,ChIJcQv8_KX0QBkRRT5Yfqz5n_E,2021-09-12,41,56,43,1,0,3
ZM,Zambia,,,,,,ChIJcQv8_KX0QBkRRT5Yfqz5n_E,2021-09-13,40,51,32,9,11,2
ZM,Zambia,,,,,,ChIJcQv8_KX0QBkRRT5Yfqz5n_E,2021-09-14,39,50,40,9,7,2
ZM,Zambia,,,,,,ChIJcQv8_KX0QBkRRT5Yfqz5n_E,2021-09-15,40,56,33,11,8,2
ZM,Zambia,,,,,,ChIJcQv8_KX0QBkRRT5Yfqz5n_E,2021-09-16,41,52,33,13,4,2
ZM,Zambia,,,,,,ChIJcQv8_KX0QBkRRT5Yfqz5n_E,2021-09-17,42,53,36,12,11,2
ZM,Zambia,,,,,,ChIJcQv8_KX0QBkRRT5Yfqz5n_E,2021-09-18,41,50,42,10,12,2
ZM,Zambia,,,,,,ChIJcQv8_KX0QBkRRT5Yfqz5n_E,2021-09-19,39,50,45,-3,-1,4
ZM,Zambia,,,,,,ChIJcQv8_KX0QBkRRT5Yfqz5n_E,2021-09-20,39,47,37,6,13,2
ZM,Zambia,,,,,,ChIJcQv8_KX0QBkRRT5Yfqz5n_E,2021-09-21,37,48,38,8,11,2
ZM,Zambia,,,,,,ChIJcQv8_KX0QBkRRT5Yfqz5n_E,2021-09-22,41,54,39,9,16,3
ZM,Zambia,,,,,,ChIJcQv8_KX0QBkRRT5Yfqz5n_E,2021-09-23,45,57,37,12,12,3
ZM,Zambia,,,,,,ChIJcQv8_KX0QBkRRT5Yfqz5n_E,2021-09-24,54,67,43,17,18,0
ZM,Zambia,,,,,,ChIJcQv8_KX0QBkRRT5Yfqz5n_E,2021-09-25,56,68,53,18,16,-1
ZM,Zambia,,,,,,ChIJcQv8_KX0QBkRRT5Yfqz5n_E,2021-09-26,49,65,47,1,2,2
ZM,Zambia,,,,,,ChIJcQv8_KX0QBkRRT5Yfqz5n_E,2021-09-27,48,61,38,11,18,2
ZM,Zambia,,,,,,ChIJcQv8_KX0QBkRRT5Yfqz5n_E,2021-09-28,46,61,42,11,15,1
ZM,Zambia,,,,,,ChIJcQv8_KX0QBkRRT5Yfqz5n_E,2021-09-29,49,65,41,14,15,1
ZM,Zambia,,,,,,ChIJcQv8_KX0QBkRRT5Yfqz5n_E,2021-09-30,50,65,40,17,13,1
ZM,Zambia,,,,,,ChIJcQv8_KX0QBkRRT5Yfqz5n_E,2021-10-01,54,68,41,22,20,0
ZM,Zambia,,,,,,ChIJcQv8_KX0QBkRRT5Yfqz5n_E,2021-10-02,56,67,51,20,16,-1
ZM,Zambia,,,,,,ChIJcQv8_KX0QBkRRT5Yfqz5n_E,2021-10-03,52,65,45,2,3,1
ZM,Zambia,,,,,,ChIJcQv8_KX0QBkRRT5Yfqz5n_E,2021-10-04,47,57,36,10,18,1
ZM,Zambia,,,,,,ChIJcQv8_KX0QBkRRT5Yfqz5n_E,2021-10-05,48,58,48,13,11,2
ZM,Zambia,,,,,,ChIJcQv8_KX0QBkRRT5Yfqz5n_E,2021-10-06,47,64,39,14,17,2
ZM,Zambia,,,,,,ChIJcQv8_KX0QBkRRT5Yfqz5n_E,2021-10-07,48,60,40,15,14,2
ZM,Zambia,,,,,,ChIJcQv8_KX0QBkRRT5Yfqz5n_E,2021-10-08,48,58,44,14,18,1
ZM,Zambia,,,,,,ChIJcQv8_KX0QBkRRT5Yfqz5n_E,2021-10-09,49,55,48,10,14,-2
ZM,Zambia,,,,,,ChIJcQv8_KX0QBkRRT5Yfqz5n_E,2021-10-10,48,56,41,-4,0,2
ZM,Zambia,,,,,,ChIJcQv8_KX0QBkRRT5Yfqz5n_E,2021-10-11,41,50,31,5,19,2
ZM,Zambia,,,,,,ChIJcQv8_KX0QBkRRT5Yfqz5n_E,2021-10-12,41,51,39,8,17,3
ZM,Zambia,,,,,,ChIJcQv8_KX0QBkRRT5Yfqz5n_E,2021-10-13,45,59,40,12,17,2
ZM,Zambia,,,,,,ChIJcQv8_KX0QBkRRT5Yfqz5n_E,2021-10-14,46,58,42,14,16,1
ZM,Zambia,,,,,,ChIJcQv8_KX0QBkRRT5Yfqz5n_E,2021-10-15,48,60,45,17,20,1
ZM,Zambia,,,,,,ChIJcQv8_KX0QBkRRT5Yfqz5n_E,2021-10-16,47,58,47,11,14,1
ZM,Zambia,,,,,,ChIJcQv8_KX0QBkRRT5Yfqz5n_E,2021-10-17,46,56,52,-2,0,2
ZM,Zambia,,,,,,ChIJcQv8_KX0QBkRRT5Yfqz5n_E,2021-10-18,33,44,42,-5,-46,14
ZM,Zambia,,,,,,ChIJcQv8_KX0QBkRRT5Yfqz5n_E,2021-10-19,41,53,38,8,12,2
ZM,Zambia,,,,,,ChIJcQv8_KX0QBkRRT5Yfqz5n_E,2021-10-20,47,61,42,15,13,2
ZM,Zambia,,,,,,ChIJcQv8_KX0QBkRRT5Yfqz5n_E,2021-10-21,49,62,43,15,10,2
ZM,Zambia,,,,,,ChIJcQv8_KX0QBkRRT5Yfqz5n_E,2021-10-22,53,65,43,18,16,1
ZM,Zambia,,,,,,ChIJcQv8_KX0QBkRRT5Yfqz5n_E,2021-10-23,59,72,53,18,15,-1
ZM,Zambia,,,,,,ChIJcQv8_KX0QBkRRT5Yfqz5n_E,2021-10-24,66,75,56,4,1,0
ZM,Zambia,,,,,,ChIJcQv8_KX0QBkRRT5Yfqz5n_E,2021-10-25,47,60,46,2,-48,12
ZM,Zambia,,,,,,ChIJcQv8_KX0QBkRRT5Yfqz5n_E,2021-10-26,53,68,40,16,17,1
ZM,Zambia,,,,,,ChIJcQv8_KX0QBkRRT5Yfqz5n_E,2021-10-27,54,72,41,18,18,2
ZM,Zambia,,,,,,ChIJcQv8_KX0QBkRRT5Yfqz5n_E,2021-10-28,54,69,41,18,15,1
ZM,Zambia,,,,,,ChIJcQv8_KX0QBkRRT5Yfqz5n_E,2021-10-29,51,68,46,22,22,1
ZM,Zambia,,,,,,ChIJcQv8_KX0QBkRRT5Yfqz5n_E,2021-10-30,55,70,52,20,20,0
ZM,Zambia,,,,,,ChIJcQv8_KX0QBkRRT5Yfqz5n_E,2021-10-31,54,69,50,5,4,1
ZM,Zambia,,,,,,ChIJcQv8_KX0QBkRRT5Yfqz5n_E,2021-11-01,47,64,39,12,21,1
ZM,Zambia,,,,,,ChIJcQv8_KX0QBkRRT5Yfqz5n_E,2021-11-02,44,61,39,11,18,2
ZM,Zambia,,,,,,ChIJcQv8_KX0QBkRRT5Yfqz5n_E,2021-11-03,47,64,38,11,18,1
ZM,Zambia,,,,,,ChIJcQv8_KX0QBkRRT5Yfqz5n_E,2021-11-04,50,63,43,16,14,-1
ZM,Zambia,,,,,,ChIJcQv8_KX0QBkRRT5Yfqz5n_E,2021-11-05,51,63,43,17,20,0
ZM,Zambia,,,,,,ChIJcQv8_KX0QBkRRT5Yfqz5n_E,2021-11-06,51,57,46,9,13,-2
ZM,Zambia,,,,,,ChIJcQv8_KX0QBkRRT5Yfqz5n_E,2021-11-07,52,65,47,-2,5,1
ZM,Zambia,,,,,,ChIJcQv8_KX0QBkRRT5Yfqz5n_E,2021-11-08,44,55,36,8,19,1
ZM,Zambia,,,,,,ChIJcQv8_KX0QBkRRT5Yfqz5n_E,2021-11-09,43,55,40,7,16,1
ZM,Zambia,,,,,,ChIJcQv8_KX0QBkRRT5Yfqz5n_E,2021-11-10,47,65,41,13,17,2
ZM,Zambia,,,,,,ChIJcQv8_KX0QBkRRT5Yfqz5n_E,2021-11-11,48,61,41,14,14,1
ZM,Zambia,,,,,,ChIJcQv8_KX0QBkRRT5Yfqz5n_E,2021-11-12,45,56,49,9,18,2
ZM,Zambia,,,Lusaka Metropolitan Area,,,ChIJL3hQiiWNQBkRwgsdS9A-K_Y,2021-01-01,-13,-7,5,-24,-70,26
ZM,Zambia,,,Lusaka Metropolitan Area,,,ChIJL3hQiiWNQBkRwgsdS9A-K_Y,2021-01-02,-6,1,19,-13,-20,18
ZM,Zambia,,,Lusaka Metropolitan Area,,,ChIJL3hQiiWNQBkRwgsdS9A-K_Y,2021-01-03,0,11,37,-6,-11,10
ZM,Zambia,,,Lusaka Metropolitan Area,,,ChIJL3hQiiWNQBkRwgsdS9A-K_Y,2021-01-04,13,22,37,5,-17,12
ZM,Zambia,,,Lusaka Metropolitan Area,,,ChIJL3hQiiWNQBkRwgsdS9A-K_Y,2021-01-05,7,20,21,2,-19,13
ZM,Zambia,,,Lusaka Metropolitan Area,,,ChIJL3hQiiWNQBkRwgsdS9A-K_Y,2021-01-06,1,17,20,3,-18,15
ZM,Zambia,,,Lusaka Metropolitan Area,,,ChIJL3hQiiWNQBkRwgsdS9A-K_Y,2021-01-07,2,20,10,1,-20,16
ZM,Zambia,,,Lusaka Metropolitan Area,,,ChIJL3hQiiWNQBkRwgsdS9A-K_Y,2021-01-08,-4,13,-7,-2,-15,17
ZM,Zambia,,,Lusaka Metropolitan Area,,,ChIJL3hQiiWNQBkRwgsdS9A-K_Y,2021-01-09,-4,11,13,-6,-3,13
ZM,Zambia,,,Lusaka Metropolitan Area,,,ChIJL3hQiiWNQBkRwgsdS9A-K_Y,2021-01-10,-7,6,13,-18,-13,12
ZM,Zambia,,,Lusaka Metropolitan Area,,,ChIJL3hQiiWNQBkRwgsdS9A-K_Y,2021-01-11,3,11,22,-7,-18,15
ZM,Zambia,,,Lusaka Metropolitan Area,,,ChIJL3hQiiWNQBkRwgsdS9A-K_Y,2021-01-12,1,13,19,-7,-21,15
ZM,Zambia,,,Lusaka Metropolitan Area,,,ChIJL3hQiiWNQBkRwgsdS9A-K_Y,2021-01-13,-9,2,10,-13,-23,15
ZM,Zambia,,,Lusaka Metropolitan Area,,,ChIJL3hQiiWNQBkRwgsdS9A-K_Y,2021-01-14,-12,-3,7,-20,-31,15
ZM,Zambia,,,Lusaka Metropolitan Area,,,ChIJL3hQiiWNQBkRwgsdS9A-K_Y,2021-01-15,-19,-9,3,-24,-30,17
ZM,Zambia,,,Lusaka Metropolitan Area,,,ChIJL3hQiiWNQBkRwgsdS9A-K_Y,2021-01-16,-21,-12,7,-28,-22,15
ZM,Zambia,,,Lusaka Metropolitan Area,,,ChIJL3hQiiWNQBkRwgsdS9A-K_Y,2021-01-17,-24,-16,2,-36,-28,15
ZM,Zambia,,,Lusaka Metropolitan Area,,,ChIJL3hQiiWNQBkRwgsdS9A-K_Y,2021-01-18,-14,-10,20,-28,-31,18
ZM,Zambia,,,Lusaka Metropolitan Area,,,ChIJL3hQiiWNQBkRwgsdS9A-K_Y,2021-01-19,-16,-8,5,-25,-34,18
ZM,Zambia,,,Lusaka Metropolitan Area,,,ChIJL3hQiiWNQBkRwgsdS9A-K_Y,2021-01-20,-18,-10,1,-24,-31,20
ZM,Zambia,,,Lusaka Metropolitan Area,,,ChIJL3hQiiWNQBkRwgsdS9A-K_Y,2021-01-21,-12,-2,1,-19,-31,18
ZM,Zambia,,,Lusaka Metropolitan Area,,,ChIJL3hQiiWNQBkRwgsdS9A-K_Y,2021-01-22,-16,-5,-7,-23,-28,19
ZM,Zambia,,,Lusaka Metropolitan Area,,,ChIJL3hQiiWNQBkRwgsdS9A-K_Y,2021-01-23,-14,-4,0,-23,-17,14
ZM,Zambia,,,Lusaka Metropolitan Area,,,ChIJL3hQiiWNQBkRwgsdS9A-K_Y,2021-01-24,-17,-8,6,-31,-23,14
ZM,Zambia,,,Lusaka Metropolitan Area,,,ChIJL3hQiiWNQBkRwgsdS9A-K_Y,2021-01-25,-9,-3,1,-24,-28,17
ZM,Zambia,,,Lusaka Metropolitan Area,,,ChIJL3hQiiWNQBkRwgsdS9A-K_Y,2021-01-26,-10,-1,22,-22,-30,18
ZM,Zambia,,,Lusaka Metropolitan Area,,,ChIJL3hQiiWNQBkRwgsdS9A-K_Y,2021-01-27,-8,2,4,-16,-26,17
ZM,Zambia,,,Lusaka Metropolitan Area,,,ChIJL3hQiiWNQBkRwgsdS9A-K_Y,2021-01-28,-7,4,4,-16,-28,16
ZM,Zambia,,,Lusaka Metropolitan Area,,,ChIJL3hQiiWNQBkRwgsdS9A-K_Y,2021-01-29,-6,7,-1,-14,-24,15
ZM,Zambia,,,Lusaka Metropolitan Area,,,ChIJL3hQiiWNQBkRwgsdS9A-K_Y,2021-01-30,1,12,11,-11,-14,8
ZM,Zambia,,,Lusaka Metropolitan Area,,,ChIJL3hQiiWNQBkRwgsdS9A-K_Y,2021-01-31,-3,10,16,-20,-22,7
ZM,Zambia,,,Lusaka Metropolitan Area,,,ChIJL3hQiiWNQBkRwgsdS9A-K_Y,2021-02-01,3,13,8,-12,-24,8
ZM,Zambia,,,Lusaka Metropolitan Area,,,ChIJL3hQiiWNQBkRwgsdS9A-K_Y,2021-02-02,1,13,9,-11,-25,9
ZM,Zambia,,,Lusaka Metropolitan Area,,,ChIJL3hQiiWNQBkRwgsdS9A-K_Y,2021-02-03,-5,7,6,-11,-23,12
ZM,Zambia,,,Lusaka Metropolitan Area,,,ChIJL3hQiiWNQBkRwgsdS9A-K_Y,2021-02-04,-1,11,7,-12,-24,11
ZM,Zambia,,,Lusaka Metropolitan Area,,,ChIJL3hQiiWNQBkRwgsdS9A-K_Y,2021-02-05,-5,9,-6,-14,-20,12
ZM,Zambia,,,Lusaka Metropolitan Area,,,ChIJL3hQiiWNQBkRwgsdS9A-K_Y,2021-02-06,-1,9,21,-14,-13,9
ZM,Zambia,,,Lusaka Metropolitan Area,,,ChIJL3hQiiWNQBkRwgsdS9A-K_Y,2021-02-07,-7,3,22,-27,-21,10
ZM,Zambia,,,Lusaka Metropolitan Area,,,ChIJL3hQiiWNQBkRwgsdS9A-K_Y,2021-02-08,1,9,12,-13,-21,10
ZM,Zambia,,,Lusaka Metropolitan Area,,,ChIJL3hQiiWNQBkRwgsdS9A-K_Y,2021-02-09,1,11,21,-13,-22,11
ZM,Zambia,,,Lusaka Metropolitan Area,,,ChIJL3hQiiWNQBkRwgsdS9A-K_Y,2021-02-10,-3,7,4,-12,-20,11
ZM,Zambia,,,Lusaka Metropolitan Area,,,ChIJL3hQiiWNQBkRwgsdS9A-K_Y,2021-02-11,-1,11,2,-12,-22,11
ZM,Zambia,,,Lusaka Metropolitan Area,,,ChIJL3hQiiWNQBkRwgsdS9A-K_Y,2021-02-12,-2,11,-1,-12,-17,10
ZM,Zambia,,,Lusaka Metropolitan Area,,,ChIJL3hQiiWNQBkRwgsdS9A-K_Y,2021-02-13,2,13,21,-13,-13,7
ZM,Zambia,,,Lusaka Metropolitan Area,,,ChIJL3hQiiWNQBkRwgsdS9A-K_Y,2021-02-14,9,14,23,-21,-19,5
ZM,Zambia,,,Lusaka Metropolitan Area,,,ChIJL3hQiiWNQBkRwgsdS9A-K_Y,2021-02-15,2,10,6,-14,-19,7
ZM,Zambia,,,Lusaka Metropolitan Area,,,ChIJL3hQiiWNQBkRwgsdS9A-K_Y,2021-02-16,-1,13,13,-14,-21,9
ZM,Zambia,,,Lusaka Metropolitan Area,,,ChIJL3hQiiWNQBkRwgsdS9A-K_Y,2021-02-17,-3,10,2,-13,-19,9
ZM,Zambia,,,Lusaka Metropolitan Area,,,ChIJL3hQiiWNQBkRwgsdS9A-K_Y,2021-02-18,0,13,13,-10,-19,8
ZM,Zambia,,,Lusaka Metropolitan Area,,,ChIJL3hQiiWNQBkRwgsdS9A-K_Y,2021-02-19,-2,9,5,-13,-15,10
ZM,Zambia,,,Lusaka Metropolitan Area,,,ChIJL3hQiiWNQBkRwgsdS9A-K_Y,2021-02-20,2,13,22,-14,-10,6
ZM,Zambia,,,Lusaka Metropolitan Area,,,ChIJL3hQiiWNQBkRwgsdS9A-K_Y,2021-02-21,-4,6,14,-27,-23,8
ZM,Zambia,,,Lusaka Metropolitan Area,,,ChIJL3hQiiWNQBkRwgsdS9A-K_Y,2021-02-22,4,12,16,-13,-16,7
ZM,Zambia,,,Lusaka Metropolitan Area,,,ChIJL3hQiiWNQBkRwgsdS9A-K_Y,2021-02-23,1,14,13,-12,-18,9
ZM,Zambia,,,Lusaka Metropolitan Area,,,ChIJL3hQiiWNQBkRwgsdS9A-K_Y,2021-02-24,2,14,8,-9,-16,9
ZM,Zambia,,,Lusaka Metropolitan Area,,,ChIJL3hQiiWNQBkRwgsdS9A-K_Y,2021-02-25,7,19,6,-6,-17,7
ZM,Zambia,,,Lusaka Metropolitan Area,,,ChIJL3hQiiWNQBkRwgsdS9A-K_Y,2021-02-26,8,19,7,-7,-13,8
ZM,Zambia,,,Lusaka Metropolitan Area,,,ChIJL3hQiiWNQBkRwgsdS9A-K_Y,2021-02-27,16,24,32,-3,-8,5
ZM,Zambia,,,Lusaka Metropolitan Area,,,ChIJL3hQiiWNQBkRwgsdS9A-K_Y,2021-02-28,8,17,25,-18,-16,5
ZM,Zambia,,,Lusaka Metropolitan Area,,,ChIJL3hQiiWNQBkRwgsdS9A-K_Y,2021-03-01,11,18,15,-9,-17,9
ZM,Zambia,,,Lusaka Metropolitan Area,,,ChIJL3hQiiWNQBkRwgsdS9A-K_Y,2021-03-02,17,28,20,0,-15,5
ZM,Zambia,,,Lusaka Metropolitan Area,,,ChIJL3hQiiWNQBkRwgsdS9A-K_Y,2021-03-03,10,20,4,-1,-14,5
ZM,Zambia,,,Lusaka Metropolitan Area,,,ChIJL3hQiiWNQBkRwgsdS9A-K_Y,2021-03-04,13,22,6,-1,-15,5
ZM,Zambia,,,Lusaka Metropolitan Area,,,ChIJL3hQiiWNQBkRwgsdS9A-K_Y,2021-03-05,11,21,1,-2,-9,6
ZM,Zambia,,,Lusaka Metropolitan Area,,,ChIJL3hQiiWNQBkRwgsdS9A-K_Y,2021-03-06,16,22,24,-3,-7,4
ZM,Zambia,,,Lusaka Metropolitan Area,,,ChIJL3hQiiWNQBkRwgsdS9A-K_Y,2021-03-07,12,17,21,-16,-17,4
ZM,Zambia,,,Lusaka Metropolitan Area,,,ChIJL3hQiiWNQBkRwgsdS9A-K_Y,2021-03-08,12,16,21,-11,-61,15
ZM,Zambia,,,Lusaka Metropolitan Area,,,ChIJL3hQiiWNQBkRwgsdS9A-K_Y,2021-03-09,13,20,12,-3,-13,6
ZM,Zambia,,,Lusaka Metropolitan Area,,,ChIJL3hQiiWNQBkRwgsdS9A-K_Y,2021-03-10,10,20,6,-3,-11,8
ZM,Zambia,,,Lusaka Metropolitan Area,,,ChIJL3hQiiWNQBkRwgsdS9A-K_Y,2021-03-11,21,29,20,1,-14,5
ZM,Zambia,,,Lusaka Metropolitan Area,,,ChIJL3hQiiWNQBkRwgsdS9A-K_Y,2021-03-12,6,16,10,-10,-55,16
ZM,Zambia,,,Lusaka Metropolitan Area,,,ChIJL3hQiiWNQBkRwgsdS9A-K_Y,2021-03-13,10,16,9,-12,-10,6
ZM,Zambia,,,Lusaka Metropolitan Area,,,ChIJL3hQiiWNQBkRwgsdS9A-K_Y,2021-03-14,7,14,22,-17,-14,4
ZM,Zambia,,,Lusaka Metropolitan Area,,,ChIJL3hQiiWNQBkRwgsdS9A-K_Y,2021-03-15,13,18,21,-7,-10,6
ZM,Zambia,,,Lusaka Metropolitan Area,,,ChIJL3hQiiWNQBkRwgsdS9A-K_Y,2021-03-16,12,20,18,-7,-11,7
ZM,Zambia,,,Lusaka Metropolitan Area,,,ChIJL3hQiiWNQBkRwgsdS9A-K_Y,2021-03-17,8,18,9,-5,-8,8
ZM,Zambia,,,Lusaka Metropolitan Area,,,ChIJL3hQiiWNQBkRwgsdS9A-K_Y,2021-03-18,12,23,38,-5,-9,7
ZM,Zambia,,,Lusaka Metropolitan Area,,,ChIJL3hQiiWNQBkRwgsdS9A-K_Y,2021-03-19,11,20,31,-6,-4,7
ZM,Zambia,,,Lusaka Metropolitan Area,,,ChIJL3hQiiWNQBkRwgsdS9A-K_Y,2021-03-20,16,23,47,-7,-2,5
ZM,Zambia,,,Lusaka Metropolitan Area,,,ChIJL3hQiiWNQBkRwgsdS9A-K_Y,2021-03-21,9,18,29,-17,-12,5
ZM,Zambia,,,Lusaka Metropolitan Area,,,ChIJL3hQiiWNQBkRwgsdS9A-K_Y,2021-03-22,11,18,26,-9,-6,6
ZM,Zambia,,,Lusaka Metropolitan Area,,,ChIJL3hQiiWNQBkRwgsdS9A-K_Y,2021-03-23,14,23,52,-8,-9,6
ZM,Zambia,,,Lusaka Metropolitan Area,,,ChIJL3hQiiWNQBkRwgsdS9A-K_Y,2021-03-24,14,24,45,0,-6,7
ZM,Zambia,,,Lusaka Metropolitan Area,,,ChIJL3hQiiWNQBkRwgsdS9A-K_Y,2021-03-25,19,29,50,1,-8,6
ZM,Zambia,,,Lusaka Metropolitan Area,,,ChIJL3hQiiWNQBkRwgsdS9A-K_Y,2021-03-26,20,28,45,2,-3,6
ZM,Zambia,,,Lusaka Metropolitan Area,,,ChIJL3hQiiWNQBkRwgsdS9A-K_Y,2021-03-27,24,29,58,0,-2,3
ZM,Zambia,,,Lusaka Metropolitan Area,,,ChIJL3hQiiWNQBkRwgsdS9A-K_Y,2021-03-28,21,30,56,-10,-9,3
ZM,Zambia,,,Lusaka Metropolitan Area,,,ChIJL3hQiiWNQBkRwgsdS9A-K_Y,2021-03-29,20,26,63,-2,-5,5
ZM,Zambia,,,Lusaka Metropolitan Area,,,ChIJL3hQiiWNQBkRwgsdS9A-K_Y,2021-03-30,20,30,42,-1,-6,6
ZM,Zambia,,,Lusaka Metropolitan Area,,,ChIJL3hQiiWNQBkRwgsdS9A-K_Y,2021-03-31,22,33,27,5,-6,6
ZM,Zambia,,,Lusaka Metropolitan Area,,,ChIJL3hQiiWNQBkRwgsdS9A-K_Y,2021-04-01,36,43,45,13,-7,2
ZM,Zambia,,,Lusaka Metropolitan Area,,,ChIJL3hQiiWNQBkRwgsdS9A-K_Y,2021-04-02,17,32,35,3,-55,12
ZM,Zambia,,,Lusaka Metropolitan Area,,,ChIJL3hQiiWNQBkRwgsdS9A-K_Y,2021-04-03,18,25,36,-4,-24,4
ZM,Zambia,,,Lusaka Metropolitan Area,,,ChIJL3hQiiWNQBkRwgsdS9A-K_Y,2021-04-04,17,21,37,-12,-15,0
ZM,Zambia,,,Lusaka Metropolitan Area,,,ChIJL3hQiiWNQBkRwgsdS9A-K_Y,2021-04-05,13,18,22,-6,-61,13
ZM,Zambia,,,Lusaka Metropolitan Area,,,ChIJL3hQiiWNQBkRwgsdS9A-K_Y,2021-04-06,22,33,51,3,-5,6
ZM,Zambia,,,Lusaka Metropolitan Area,,,ChIJL3hQiiWNQBkRwgsdS9A-K_Y,2021-04-07,19,28,30,4,-5,7
ZM,Zambia,,,Lusaka Metropolitan Area,,,ChIJL3hQiiWNQBkRwgsdS9A-K_Y,2021-04-08,20,31,52,6,-5,6
ZM,Zambia,,,Lusaka Metropolitan Area,,,ChIJL3hQiiWNQBkRwgsdS9A-K_Y,2021-04-09,19,29,39,3,1,7
ZM,Zambia,,,Lusaka Metropolitan Area,,,ChIJL3hQiiWNQBkRwgsdS9A-K_Y,2021-04-10,25,30,54,2,1,4
ZM,Zambia,,,Lusaka Metropolitan Area,,,ChIJL3hQiiWNQBkRwgsdS9A-K_Y,2021-04-11,19,26,37,-10,-7,4
ZM,Zambia,,,Lusaka Metropolitan Area,,,ChIJL3hQiiWNQBkRwgsdS9A-K_Y,2021-04-12,19,26,43,0,0,6
ZM,Zambia,,,Lusaka Metropolitan Area,,,ChIJL3hQiiWNQBkRwgsdS9A-K_Y,2021-04-13,19,29,46,1,-3,8
ZM,Zambia,,,Lusaka Metropolitan Area,,,ChIJL3hQiiWNQBkRwgsdS9A-K_Y,2021-04-14,18,26,38,5,-2,7
ZM,Zambia,,,Lusaka Metropolitan Area,,,ChIJL3hQiiWNQBkRwgsdS9A-K_Y,2021-04-15,21,30,46,4,-3,7
ZM,Zambia,,,Lusaka Metropolitan Area,,,ChIJL3hQiiWNQBkRwgsdS9A-K_Y,2021-04-16,20,29,37,3,3,7
ZM,Zambia,,,Lusaka Metropolitan Area,,,ChIJL3hQiiWNQBkRwgsdS9A-K_Y,2021-04-17,23,29,52,1,2,6
ZM,Zambia,,,Lusaka Metropolitan Area,,,ChIJL3hQiiWNQBkRwgsdS9A-K_Y,2021-04-18,15,25,39,-11,-6,6
ZM,Zambia,,,Lusaka Metropolitan Area,,,ChIJL3hQiiWNQBkRwgsdS9A-K_Y,2021-04-19,21,25,56,0,1,7
ZM,Zambia,,,Lusaka Metropolitan Area,,,ChIJL3hQiiWNQBkRwgsdS9A-K_Y,2021-04-20,19,28,48,2,-2,8
ZM,Zambia,,,Lusaka Metropolitan Area,,,ChIJL3hQiiWNQBkRwgsdS9A-K_Y,2021-04-21,21,29,55,5,-1,8
ZM,Zambia,,,Lusaka Metropolitan Area,,,ChIJL3hQiiWNQBkRwgsdS9A-K_Y,2021-04-22,23,32,47,8,-1,7
ZM,Zambia,,,Lusaka Metropolitan Area,,,ChIJL3hQiiWNQBkRwgsdS9A-K_Y,2021-04-23,30,36,63,12,4,7
ZM,Zambia,,,Lusaka Metropolitan Area,,,ChIJL3hQiiWNQBkRwgsdS9A-K_Y,2021-04-24,38,42,78,12,4,4
ZM,Zambia,,,Lusaka Metropolitan Area,,,ChIJL3hQiiWNQBkRwgsdS9A-K_Y,2021-04-25,28,35,58,-3,-7,4
ZM,Zambia,,,Lusaka Metropolitan Area,,,ChIJL3hQiiWNQBkRwgsdS9A-K_Y,2021-04-26,32,36,67,11,-1,6
ZM,Zambia,,,Lusaka Metropolitan Area,,,ChIJL3hQiiWNQBkRwgsdS9A-K_Y,2021-04-27,30,41,72,10,-3,7
ZM,Zambia,,,Lusaka Metropolitan Area,,,ChIJL3hQiiWNQBkRwgsdS9A-K_Y,2021-04-28,28,37,64,14,-2,7
ZM,Zambia,,,Lusaka Metropolitan Area,,,ChIJL3hQiiWNQBkRwgsdS9A-K_Y,2021-04-29,31,41,84,17,-4,6
ZM,Zambia,,,Lusaka Metropolitan Area,,,ChIJL3hQiiWNQBkRwgsdS9A-K_Y,2021-04-30,32,42,61,16,2,7
ZM,Zambia,,,Lusaka Metropolitan Area,,,ChIJL3hQiiWNQBkRwgsdS9A-K_Y,2021-05-01,33,40,77,8,-18,5
ZM,Zambia,,,Lusaka Metropolitan Area,,,ChIJL3hQiiWNQBkRwgsdS9A-K_Y,2021-05-02,29,37,65,0,-7,3
ZM,Zambia,,,Lusaka Metropolitan Area,,,ChIJL3hQiiWNQBkRwgsdS9A-K_Y,2021-05-03,35,40,99,14,-2,6
ZM,Zambia,,,Lusaka Metropolitan Area,,,ChIJL3hQiiWNQBkRwgsdS9A-K_Y,2021-05-04,34,44,79,15,-3,7
ZM,Zambia,,,Lusaka Metropolitan Area,,,ChIJL3hQiiWNQBkRwgsdS9A-K_Y,2021-05-05,31,41,57,18,-1,6
ZM,Zambia,,,Lusaka Metropolitan Area,,,ChIJL3hQiiWNQBkRwgsdS9A-K_Y,2021-05-06,33,44,67,21,-3,7
ZM,Zambia,,,Lusaka Metropolitan Area,,,ChIJL3hQiiWNQBkRwgsdS9A-K_Y,2021-05-07,35,46,53,22,4,7
ZM,Zambia,,,Lusaka Metropolitan Area,,,ChIJL3hQiiWNQBkRwgsdS9A-K_Y,2021-05-08,41,47,83,21,4,3
ZM,Zambia,,,Lusaka Metropolitan Area,,,ChIJL3hQiiWNQBkRwgsdS9A-K_Y,2021-05-09,35,41,59,7,-4,3
ZM,Zambia,,,Lusaka Metropolitan Area,,,ChIJL3hQiiWNQBkRwgsdS9A-K_Y,2021-05-10,31,37,59,14,1,5
ZM,Zambia,,,Lusaka Metropolitan Area,,,ChIJL3hQiiWNQBkRwgsdS9A-K_Y,2021-05-11,29,40,64,14,0,6
ZM,Zambia,,,Lusaka Metropolitan Area,,,ChIJL3hQiiWNQBkRwgsdS9A-K_Y,2021-05-12,28,42,63,17,0,7
ZM,Zambia,,,Lusaka Metropolitan Area,,,ChIJL3hQiiWNQBkRwgsdS9A-K_Y,2021-05-13,29,42,55,18,-2,6
ZM,Zambia,,,Lusaka Metropolitan Area,,,ChIJL3hQiiWNQBkRwgsdS9A-K_Y,2021-05-14,31,40,62,19,2,6
ZM,Zambia,,,Lusaka Metropolitan Area,,,ChIJL3hQiiWNQBkRwgsdS9A-K_Y,2021-05-15,35,39,76,12,3,4
ZM,Zambia,,,Lusaka Metropolitan Area,,,ChIJL3hQiiWNQBkRwgsdS9A-K_Y,2021-05-16,28,38,57,-1,-5,3
ZM,Zambia,,,Lusaka Metropolitan Area,,,ChIJL3hQiiWNQBkRwgsdS9A-K_Y,2021-05-17,29,37,67,10,3,5
ZM,Zambia,,,Lusaka Metropolitan Area,,,ChIJL3hQiiWNQBkRwgsdS9A-K_Y,2021-05-18,27,39,67,9,3,7
ZM,Zambia,,,Lusaka Metropolitan Area,,,ChIJL3hQiiWNQBkRwgsdS9A-K_Y,2021-05-19,25,35,62,12,4,8
ZM,Zambia,,,Lusaka Metropolitan Area,,,ChIJL3hQiiWNQBkRwgsdS9A-K_Y,2021-05-20,28,43,69,11,2,7
ZM,Zambia,,,Lusaka Metropolitan Area,,,ChIJL3hQiiWNQBkRwgsdS9A-K_Y,2021-05-21,33,44,64,11,10,6
ZM,Zambia,,,Lusaka Metropolitan Area,,,ChIJL3hQiiWNQBkRwgsdS9A-K_Y,2021-05-22,38,46,105,12,8,3
ZM,Zambia,,,Lusaka Metropolitan Area,,,ChIJL3hQiiWNQBkRwgsdS9A-K_Y,2021-05-23,30,42,66,-4,-2,3
ZM,Zambia,,,Lusaka Metropolitan Area,,,ChIJL3hQiiWNQBkRwgsdS9A-K_Y,2021-05-24,39,45,75,11,3,5
ZM,Zambia,,,Lusaka Metropolitan Area,,,ChIJL3hQiiWNQBkRwgsdS9A-K_Y,2021-05-25,30,44,83,4,-55,16
ZM,Zambia,,,Lusaka Metropolitan Area,,,ChIJL3hQiiWNQBkRwgsdS9A-K_Y,2021-05-26,34,48,84,18,6,6
ZM,Zambia,,,Lusaka Metropolitan Area,,,ChIJL3hQiiWNQBkRwgsdS9A-K_Y,2021-05-27,37,51,88,17,5,6
ZM,Zambia,,,Lusaka Metropolitan Area,,,ChIJL3hQiiWNQBkRwgsdS9A-K_Y,2021-05-28,41,52,100,18,14,5
ZM,Zambia,,,Lusaka Metropolitan Area,,,ChIJL3hQiiWNQBkRwgsdS9A-K_Y,2021-05-29,50,54,114,18,12,1
ZM,Zambia,,,Lusaka Metropolitan Area,,,ChIJL3hQiiWNQBkRwgsdS9A-K_Y,2021-05-30,39,50,80,2,-1,3
ZM,Zambia,,,Lusaka Metropolitan Area,,,ChIJL3hQiiWNQBkRwgsdS9A-K_Y,2021-05-31,41,49,102,14,9,4
ZM,Zambia,,,Lusaka Metropolitan Area,,,ChIJL3hQiiWNQBkRwgsdS9A-K_Y,2021-06-01,42,54,102,14,4,5
ZM,Zambia,,,Lusaka Metropolitan Area,,,ChIJL3hQiiWNQBkRwgsdS9A-K_Y,2021-06-02,38,51,88,14,3,6
ZM,Zambia,,,Lusaka Metropolitan Area,,,ChIJL3hQiiWNQBkRwgsdS9A-K_Y,2021-06-03,37,51,132,17,2,6
ZM,Zambia,,,Lusaka Metropolitan Area,,,ChIJL3hQiiWNQBkRwgsdS9A-K_Y,2021-06-04,38,48,150,18,11,8
ZM,Zambia,,,Lusaka Metropolitan Area,,,ChIJL3hQiiWNQBkRwgsdS9A-K_Y,2021-06-05,39,45,186,14,11,5
ZM,Zambia,,,Lusaka Metropolitan Area,,,ChIJL3hQiiWNQBkRwgsdS9A-K_Y,2021-06-06,34,42,82,-3,-3,5
ZM,Zambia,,,Lusaka Metropolitan Area,,,ChIJL3hQiiWNQBkRwgsdS9A-K_Y,2021-06-07,35,44,172,11,3,7
ZM,Zambia,,,Lusaka Metropolitan Area,,,ChIJL3hQiiWNQBkRwgsdS9A-K_Y,2021-06-08,35,47,90,12,-1,9
ZM,Zambia,,,Lusaka Metropolitan Area,,,ChIJL3hQiiWNQBkRwgsdS9A-K_Y,2021-06-09,30,41,50,12,-2,9
ZM,Zambia,,,Lusaka Metropolitan Area,,,ChIJL3hQiiWNQBkRwgsdS9A-K_Y,2021-06-10,32,48,54,13,-3,9
ZM,Zambia,,,Lusaka Metropolitan Area,,,ChIJL3hQiiWNQBkRwgsdS9A-K_Y,2021-06-11,31,44,34,13,3,11
ZM,Zambia,,,Lusaka Metropolitan Area,,,ChIJL3hQiiWNQBkRwgsdS9A-K_Y,2021-06-12,31,40,56,7,5,8
ZM,Zambia,,,Lusaka Metropolitan Area,,,ChIJL3hQiiWNQBkRwgsdS9A-K_Y,2021-06-13,25,36,62,-4,-7,7
ZM,Zambia,,,Lusaka Metropolitan Area,,,ChIJL3hQiiWNQBkRwgsdS9A-K_Y,2021-06-14,30,40,51,3,-4,9
ZM,Zambia,,,Lusaka Metropolitan Area,,,ChIJL3hQiiWNQBkRwgsdS9A-K_Y,2021-06-15,28,45,54,4,-7,11
ZM,Zambia,,,Lusaka Metropolitan Area,,,ChIJL3hQiiWNQBkRwgsdS9A-K_Y,2021-06-16,24,40,49,4,-10,11
ZM,Zambia,,,Lusaka Metropolitan Area,,,ChIJL3hQiiWNQBkRwgsdS9A-K_Y,2021-06-17,22,41,40,5,-15,13
ZM,Zambia,,,Lusaka Metropolitan Area,,,ChIJL3hQiiWNQBkRwgsdS9A-K_Y,2021-06-18,19,37,37,2,-10,16
ZM,Zambia,,,Lusaka Metropolitan Area,,,ChIJL3hQiiWNQBkRwgsdS9A-K_Y,2021-06-19,17,30,48,-4,0,12
ZM,Zambia,,,Lusaka Metropolitan Area,,,ChIJL3hQiiWNQBkRwgsdS9A-K_Y,2021-06-20,10,25,62,-16,-14,10
ZM,Zambia,,,Lusaka Metropolitan Area,,,ChIJL3hQiiWNQBkRwgsdS9A-K_Y,2021-06-21,17,30,40,-5,-16,14
ZM,Zambia,,,Lusaka Metropolitan Area,,,ChIJL3hQiiWNQBkRwgsdS9A-K_Y,2021-06-22,18,33,48,-3,-20,15
ZM,Zambia,,,Lusaka Metropolitan Area,,,ChIJL3hQiiWNQBkRwgsdS9A-K_Y,2021-06-23,16,33,40,-2,-18,14
ZM,Zambia,,,Lusaka Metropolitan Area,,,ChIJL3hQiiWNQBkRwgsdS9A-K_Y,2021-06-24,17,38,37,0,-21,15
ZM,Zambia,,,Lusaka Metropolitan Area,,,ChIJL3hQiiWNQBkRwgsdS9A-K_Y,2021-06-25,21,42,41,0,-13,15
ZM,Zambia,,,Lusaka Metropolitan Area,,,ChIJL3hQiiWNQBkRwgsdS9A-K_Y,2021-06-26,22,39,57,1,0,10
ZM,Zambia,,,Lusaka Metropolitan Area,,,ChIJL3hQiiWNQBkRwgsdS9A-K_Y,2021-06-27,16,33,63,-12,-11,9
ZM,Zambia,,,Lusaka Metropolitan Area,,,ChIJL3hQiiWNQBkRwgsdS9A-K_Y,2021-06-28,24,39,63,0,-16,11
ZM,Zambia,,,Lusaka Metropolitan Area,,,ChIJL3hQiiWNQBkRwgsdS9A-K_Y,2021-06-29,22,40,63,1,-18,13
ZM,Zambia,,,Lusaka Metropolitan Area,,,ChIJL3hQiiWNQBkRwgsdS9A-K_Y,2021-06-30,24,44,64,6,-16,13
ZM,Zambia,,,Lusaka Metropolitan Area,,,ChIJL3hQiiWNQBkRwgsdS9A-K_Y,2021-07-01,29,51,61,10,-18,13
ZM,Zambia,,,Lusaka Metropolitan Area,,,ChIJL3hQiiWNQBkRwgsdS9A-K_Y,2021-07-02,18,43,48,4,-35,20
ZM,Zambia,,,Lusaka Metropolitan Area,,,ChIJL3hQiiWNQBkRwgsdS9A-K_Y,2021-07-03,25,44,74,8,1,9
ZM,Zambia,,,Lusaka Metropolitan Area,,,ChIJL3hQiiWNQBkRwgsdS9A-K_Y,2021-07-04,19,37,71,-8,-12,8
ZM,Zambia,,,Lusaka Metropolitan Area,,,ChIJL3hQiiWNQBkRwgsdS9A-K_Y,2021-07-05,21,38,77,-5,-55,18
ZM,Zambia,,,Lusaka Metropolitan Area,,,ChIJL3hQiiWNQBkRwgsdS9A-K_Y,2021-07-06,16,37,68,-4,-56,20
ZM,Zambia,,,Lusaka Metropolitan Area,,,ChIJL3hQiiWNQBkRwgsdS9A-K_Y,2021-07-07,-5,12,66,-21,-66,25
ZM,Zambia,,,Lusaka Metropolitan Area,,,ChIJL3hQiiWNQBkRwgsdS9A-K_Y,2021-07-08,27,50,47,13,-12,11
ZM,Zambia,,,Lusaka Metropolitan Area,,,ChIJL3hQiiWNQBkRwgsdS9A-K_Y,2021-07-09,22,43,38,7,-5,13
ZM,Zambia,,,Lusaka Metropolitan Area,,,ChIJL3hQiiWNQBkRwgsdS9A-K_Y,2021-07-10,20,39,73,5,8,9
ZM,Zambia,,,Lusaka Metropolitan Area,,,ChIJL3hQiiWNQBkRwgsdS9A-K_Y,2021-07-11,13,31,66,-11,-7,9
ZM,Zambia,,,Lusaka Metropolitan Area,,,ChIJL3hQiiWNQBkRwgsdS9A-K_Y,2021-07-12,28,41,59,6,-8,11
ZM,Zambia,,,Lusaka Metropolitan Area,,,ChIJL3hQiiWNQBkRwgsdS9A-K_Y,2021-07-13,26,45,60,7,-11,10
ZM,Zambia,,,Lusaka Metropolitan Area,,,ChIJL3hQiiWNQBkRwgsdS9A-K_Y,2021-07-14,22,42,49,7,-10,11
ZM,Zambia,,,Lusaka Metropolitan Area,,,ChIJL3hQiiWNQBkRwgsdS9A-K_Y,2021-07-15,23,45,48,8,-11,11
ZM,Zambia,,,Lusaka Metropolitan Area,,,ChIJL3hQiiWNQBkRwgsdS9A-K_Y,2021-07-16,19,40,50,7,-3,13
ZM,Zambia,,,Lusaka Metropolitan Area,,,ChIJL3hQiiWNQBkRwgsdS9A-K_Y,2021-07-17,19,38,69,4,7,9
ZM,Zambia,,,Lusaka Metropolitan Area,,,ChIJL3hQiiWNQBkRwgsdS9A-K_Y,2021-07-18,13,33,65,-11,-9,8
ZM,Zambia,,,Lusaka Metropolitan Area,,,ChIJL3hQiiWNQBkRwgsdS9A-K_Y,2021-07-19,23,40,45,3,-6,10
ZM,Zambia,,,Lusaka Metropolitan Area,,,ChIJL3hQiiWNQBkRwgsdS9A-K_Y,2021-07-20,24,44,43,5,-9,10
ZM,Zambia,,,Lusaka Metropolitan Area,,,ChIJL3hQiiWNQBkRwgsdS9A-K_Y,2021-07-21,20,41,34,7,-10,10
ZM,Zambia,,,Lusaka Metropolitan Area,,,ChIJL3hQiiWNQBkRwgsdS9A-K_Y,2021-07-22,22,45,59,7,-10,10
ZM,Zambia,,,Lusaka Metropolitan Area,,,ChIJL3hQiiWNQBkRwgsdS9A-K_Y,2021-07-23,23,44,44,6,-2,11
ZM,Zambia,,,Lusaka Metropolitan Area,,,ChIJL3hQiiWNQBkRwgsdS9A-K_Y,2021-07-24,26,45,67,8,7,7
ZM,Zambia,,,Lusaka Metropolitan Area,,,ChIJL3hQiiWNQBkRwgsdS9A-K_Y,2021-07-25,20,39,82,-8,-8,7
ZM,Zambia,,,Lusaka Metropolitan Area,,,ChIJL3hQiiWNQBkRwgsdS9A-K_Y,2021-07-26,30,45,60,7,-5,9
ZM,Zambia,,,Lusaka Metropolitan Area,,,ChIJL3hQiiWNQBkRwgsdS9A-K_Y,2021-07-27,31,51,72,10,-8,10
ZM,Zambia,,,Lusaka Metropolitan Area,,,ChIJL3hQiiWNQBkRwgsdS9A-K_Y,2021-07-28,29,49,56,11,-7,9
ZM,Zambia,,,Lusaka Metropolitan Area,,,ChIJL3hQiiWNQBkRwgsdS9A-K_Y,2021-07-29,30,51,58,13,-9,9
ZM,Zambia,,,Lusaka Metropolitan Area,,,ChIJL3hQiiWNQBkRwgsdS9A-K_Y,2021-07-30,29,49,60,14,-1,9
ZM,Zambia,,,Lusaka Metropolitan Area,,,ChIJL3hQiiWNQBkRwgsdS9A-K_Y,2021-07-31,32,50,93,13,10,5
ZM,Zambia,,,Lusaka Metropolitan Area,,,ChIJL3hQiiWNQBkRwgsdS9A-K_Y,2021-08-01,29,46,86,-3,-4,4
ZM,Zambia,,,Lusaka Metropolitan Area,,,ChIJL3hQiiWNQBkRwgsdS9A-K_Y,2021-08-02,27,44,76,2,-55,15
ZM,Zambia,,,Lusaka Metropolitan Area,,,ChIJL3hQiiWNQBkRwgsdS9A-K_Y,2021-08-03,36,56,73,15,-5,7
ZM,Zambia,,,Lusaka Metropolitan Area,,,ChIJL3hQiiWNQBkRwgsdS9A-K_Y,2021-08-04,33,53,54,11,-4,8
ZM,Zambia,,,Lusaka Metropolitan Area,,,ChIJL3hQiiWNQBkRwgsdS9A-K_Y,2021-08-05,33,54,58,7,-6,8
ZM,Zambia,,,Lusaka Metropolitan Area,,,ChIJL3hQiiWNQBkRwgsdS9A-K_Y,2021-08-06,31,51,49,5,3,9
ZM,Zambia,,,Lusaka Metropolitan Area,,,ChIJL3hQiiWNQBkRwgsdS9A-K_Y,2021-08-07,33,50,93,4,13,5
ZM,Zambia,,,Lusaka Metropolitan Area,,,ChIJL3hQiiWNQBkRwgsdS9A-K_Y,2021-08-08,27,43,84,-15,-5,3
ZM,Zambia,,,Lusaka Metropolitan Area,,,ChIJL3hQiiWNQBkRwgsdS9A-K_Y,2021-08-09,35,48,76,0,-3,6
ZM,Zambia,,,Lusaka Metropolitan Area,,,ChIJL3hQiiWNQBkRwgsdS9A-K_Y,2021-08-10,37,56,79,5,-5,8
ZM,Zambia,,,Lusaka Metropolitan Area,,,ChIJL3hQiiWNQBkRwgsdS9A-K_Y,2021-08-11,42,69,78,12,-9,6
ZM,Zambia,,,Lusaka Metropolitan Area,,,ChIJL3hQiiWNQBkRwgsdS9A-K_Y,2021-08-12,-17,-4,111,-26,-76,14
ZM,Zambia,,,Lusaka Metropolitan Area,,,ChIJL3hQiiWNQBkRwgsdS9A-K_Y,2021-08-13,-24,-7,36,-41,-66,34
ZM,Zambia,,,Lusaka Metropolitan Area,,,ChIJL3hQiiWNQBkRwgsdS9A-K_Y,2021-08-14,-12,2,57,-35,-28,23
ZM,Zambia,,,Lusaka Metropolitan Area,,,ChIJL3hQiiWNQBkRwgsdS9A-K_Y,2021-08-15,-7,8,54,-36,-20,18
ZM,Zambia,,,Lusaka Metropolitan Area,,,ChIJL3hQiiWNQBkRwgsdS9A-K_Y,2021-08-16,13,24,65,-23,-29,20
ZM,Zambia,,,Lusaka Metropolitan Area,,,ChIJL3hQiiWNQBkRwgsdS9A-K_Y,2021-08-17,33,54,59,3,-8,11
ZM,Zambia,,,Lusaka Metropolitan Area,,,ChIJL3hQiiWNQBkRwgsdS9A-K_Y,2021-08-18,30,48,67,8,-1,10
ZM,Zambia,,,Lusaka Metropolitan Area,,,ChIJL3hQiiWNQBkRwgsdS9A-K_Y,2021-08-19,31,48,73,7,-2,9
ZM,Zambia,,,Lusaka Metropolitan Area,,,ChIJL3hQiiWNQBkRwgsdS9A-K_Y,2021-08-20,32,47,68,6,6,9
ZM,Zambia,,,Lusaka Metropolitan Area,,,ChIJL3hQiiWNQBkRwgsdS9A-K_Y,2021-08-21,36,49,97,5,14,5
ZM,Zambia,,,Lusaka Metropolitan Area,,,ChIJL3hQiiWNQBkRwgsdS9A-K_Y,2021-08-22,29,42,91,-10,0,5
ZM,Zambia,,,Lusaka Metropolitan Area,,,ChIJL3hQiiWNQBkRwgsdS9A-K_Y,2021-08-23,46,54,84,6,1,5
ZM,Zambia,,,Lusaka Metropolitan Area,,,ChIJL3hQiiWNQBkRwgsdS9A-K_Y,2021-08-24,22,25,77,-21,-63,22
ZM,Zambia,,,Lusaka Metropolitan Area,,,ChIJL3hQiiWNQBkRwgsdS9A-K_Y,2021-08-25,39,56,69,11,0,5
ZM,Zambia,,,Lusaka Metropolitan Area,,,ChIJL3hQiiWNQBkRwgsdS9A-K_Y,2021-08-26,40,59,78,10,-2,5
ZM,Zambia,,,Lusaka Metropolitan Area,,,ChIJL3hQiiWNQBkRwgsdS9A-K_Y,2021-08-27,40,57,71,10,8,6
ZM,Zambia,,,Lusaka Metropolitan Area,,,ChIJL3hQiiWNQBkRwgsdS9A-K_Y,2021-08-28,47,57,108,8,14,4
ZM,Zambia,,,Lusaka Metropolitan Area,,,ChIJL3hQiiWNQBkRwgsdS9A-K_Y,2021-08-29,41,53,95,-10,-2,4
ZM,Zambia,,,Lusaka Metropolitan Area,,,ChIJL3hQiiWNQBkRwgsdS9A-K_Y,2021-08-30,42,51,80,7,2,4
ZM,Zambia,,,Lusaka Metropolitan Area,,,ChIJL3hQiiWNQBkRwgsdS9A-K_Y,2021-08-31,45,60,84,8,1,4
ZM,Zambia,,,Lusaka Metropolitan Area,,,ChIJL3hQiiWNQBkRwgsdS9A-K_Y,2021-09-01,40,57,71,11,1,3
ZM,Zambia,,,Lusaka Metropolitan Area,,,ChIJL3hQiiWNQBkRwgsdS9A-K_Y,2021-09-02,42,60,75,13,0,4
ZM,Zambia,,,Lusaka Metropolitan Area,,,ChIJL3hQiiWNQBkRwgsdS9A-K_Y,2021-09-03,41,55,75,11,9,5
ZM,Zambia,,,Lusaka Metropolitan Area,,,ChIJL3hQiiWNQBkRwgsdS9A-K_Y,2021-09-04,48,55,118,13,13,3
ZM,Zambia,,,Lusaka Metropolitan Area,,,ChIJL3hQiiWNQBkRwgsdS9A-K_Y,2021-09-05,41,50,119,-7,0,3
ZM,Zambia,,,Lusaka Metropolitan Area,,,ChIJL3hQiiWNQBkRwgsdS9A-K_Y,2021-09-06,40,50,71,7,5,4
ZM,Zambia,,,Lusaka Metropolitan Area,,,ChIJL3hQiiWNQBkRwgsdS9A-K_Y,2021-09-07,39,49,89,5,3,5
ZM,Zambia,,,Lusaka Metropolitan Area,,,ChIJL3hQiiWNQBkRwgsdS9A-K_Y,2021-09-08,36,49,83,7,5,4
ZM,Zambia,,,Lusaka Metropolitan Area,,,ChIJL3hQiiWNQBkRwgsdS9A-K_Y,2021-09-09,39,51,81,9,3,4
ZM,Zambia,,,Lusaka Metropolitan Area,,,ChIJL3hQiiWNQBkRwgsdS9A-K_Y,2021-09-10,41,50,68,6,12,6
ZM,Zambia,,,Lusaka Metropolitan Area,,,ChIJL3hQiiWNQBkRwgsdS9A-K_Y,2021-09-11,43,45,122,4,13,5
ZM,Zambia,,,Lusaka Metropolitan Area,,,ChIJL3hQiiWNQBkRwgsdS9A-K_Y,2021-09-12,40,47,122,-7,1,5
ZM,Zambia,,,Lusaka Metropolitan Area,,,ChIJL3hQiiWNQBkRwgsdS9A-K_Y,2021-09-13,41,46,76,2,8,4
ZM,Zambia,,,Lusaka Metropolitan Area,,,ChIJL3hQiiWNQBkRwgsdS9A-K_Y,2021-09-14,41,49,81,2,4,5
ZM,Zambia,,,Lusaka Metropolitan Area,,,ChIJL3hQiiWNQBkRwgsdS9A-K_Y,2021-09-15,37,48,72,4,5,5
ZM,Zambia,,,Lusaka Metropolitan Area,,,ChIJL3hQiiWNQBkRwgsdS9A-K_Y,2021-09-16,39,48,57,5,2,4
ZM,Zambia,,,Lusaka Metropolitan Area,,,ChIJL3hQiiWNQBkRwgsdS9A-K_Y,2021-09-17,41,47,78,5,10,5
ZM,Zambia,,,Lusaka Metropolitan Area,,,ChIJL3hQiiWNQBkRwgsdS9A-K_Y,2021-09-18,43,45,112,3,14,4
ZM,Zambia,,,Lusaka Metropolitan Area,,,ChIJL3hQiiWNQBkRwgsdS9A-K_Y,2021-09-19,37,41,115,-11,-2,5
ZM,Zambia,,,Lusaka Metropolitan Area,,,ChIJL3hQiiWNQBkRwgsdS9A-K_Y,2021-09-20,40,42,82,0,9,4
ZM,Zambia,,,Lusaka Metropolitan Area,,,ChIJL3hQiiWNQBkRwgsdS9A-K_Y,2021-09-21,40,49,86,2,8,5
ZM,Zambia,,,Lusaka Metropolitan Area,,,ChIJL3hQiiWNQBkRwgsdS9A-K_Y,2021-09-22,37,46,82,3,13,6
ZM,Zambia,,,Lusaka Metropolitan Area,,,ChIJL3hQiiWNQBkRwgsdS9A-K_Y,2021-09-23,43,54,77,5,9,5
ZM,Zambia,,,Lusaka Metropolitan Area,,,ChIJL3hQiiWNQBkRwgsdS9A-K_Y,2021-09-24,51,59,80,9,17,4
ZM,Zambia,,,Lusaka Metropolitan Area,,,ChIJL3hQiiWNQBkRwgsdS9A-K_Y,2021-09-25,57,59,143,9,18,1
ZM,Zambia,,,Lusaka Metropolitan Area,,,ChIJL3hQiiWNQBkRwgsdS9A-K_Y,2021-09-26,46,53,117,-7,1,3
ZM,Zambia,,,Lusaka Metropolitan Area,,,ChIJL3hQiiWNQBkRwgsdS9A-K_Y,2021-09-27,47,53,88,3,15,4
ZM,Zambia,,,Lusaka Metropolitan Area,,,ChIJL3hQiiWNQBkRwgsdS9A-K_Y,2021-09-28,46,58,89,4,13,4
ZM,Zambia,,,Lusaka Metropolitan Area,,,ChIJL3hQiiWNQBkRwgsdS9A-K_Y,2021-09-29,44,52,84,6,13,4
ZM,Zambia,,,Lusaka Metropolitan Area,,,ChIJL3hQiiWNQBkRwgsdS9A-K_Y,2021-09-30,47,56,82,9,12,3
ZM,Zambia,,,Lusaka Metropolitan Area,,,ChIJL3hQiiWNQBkRwgsdS9A-K_Y,2021-10-01,53,59,74,13,19,3
ZM,Zambia,,,Lusaka Metropolitan Area,,,ChIJL3hQiiWNQBkRwgsdS9A-K_Y,2021-10-02,58,60,138,12,18,1
ZM,Zambia,,,Lusaka Metropolitan Area,,,ChIJL3hQiiWNQBkRwgsdS9A-K_Y,2021-10-03,51,56,112,-7,4,2
ZM,Zambia,,,Lusaka Metropolitan Area,,,ChIJL3hQiiWNQBkRwgsdS9A-K_Y,2021-10-04,48,51,71,3,15,3
ZM,Zambia,,,Lusaka Metropolitan Area,,,ChIJL3hQiiWNQBkRwgsdS9A-K_Y,2021-10-05,49,55,110,8,9,5
ZM,Zambia,,,Lusaka Metropolitan Area,,,ChIJL3hQiiWNQBkRwgsdS9A-K_Y,2021-10-06,44,55,78,7,15,5
ZM,Zambia,,,Lusaka Metropolitan Area,,,ChIJL3hQiiWNQBkRwgsdS9A-K_Y,2021-10-07,45,56,63,7,12,5
ZM,Zambia,,,Lusaka Metropolitan Area,,,ChIJL3hQiiWNQBkRwgsdS9A-K_Y,2021-10-08,48,54,79,6,19,4
ZM,Zambia,,,Lusaka Metropolitan Area,,,ChIJL3hQiiWNQBkRwgsdS9A-K_Y,2021-10-09,53,51,112,4,16,0
ZM,Zambia,,,Lusaka Metropolitan Area,,,ChIJL3hQiiWNQBkRwgsdS9A-K_Y,2021-10-10,49,50,117,-11,3,3
ZM,Zambia,,,Lusaka Metropolitan Area,,,ChIJL3hQiiWNQBkRwgsdS9A-K_Y,2021-10-11,41,46,72,-2,16,4
ZM,Zambia,,,Lusaka Metropolitan Area,,,ChIJL3hQiiWNQBkRwgsdS9A-K_Y,2021-10-12,43,51,89,2,15,5
ZM,Zambia,,,Lusaka Metropolitan Area,,,ChIJL3hQiiWNQBkRwgsdS9A-K_Y,2021-10-13,42,51,85,5,16,5
ZM,Zambia,,,Lusaka Metropolitan Area,,,ChIJL3hQiiWNQBkRwgsdS9A-K_Y,2021-10-14,44,55,94,6,14,4
ZM,Zambia,,,Lusaka Metropolitan Area,,,ChIJL3hQiiWNQBkRwgsdS9A-K_Y,2021-10-15,47,54,87,6,20,4
ZM,Zambia,,,Lusaka Metropolitan Area,,,ChIJL3hQiiWNQBkRwgsdS9A-K_Y,2021-10-16,49,51,120,0,17,3
ZM,Zambia,,,Lusaka Metropolitan Area,,,ChIJL3hQiiWNQBkRwgsdS9A-K_Y,2021-10-17,44,47,133,-11,1,4
ZM,Zambia,,,Lusaka Metropolitan Area,,,ChIJL3hQiiWNQBkRwgsdS9A-K_Y,2021-10-18,34,42,100,-12,-52,17
ZM,Zambia,,,Lusaka Metropolitan Area,,,ChIJL3hQiiWNQBkRwgsdS9A-K_Y,2021-10-19,43,52,87,1,11,6
ZM,Zambia,,,Lusaka Metropolitan Area,,,ChIJL3hQiiWNQBkRwgsdS9A-K_Y,2021-10-20,43,53,86,7,13,6
ZM,Zambia,,,Lusaka Metropolitan Area,,,ChIJL3hQiiWNQBkRwgsdS9A-K_Y,2021-10-21,47,61,81,7,10,5
ZM,Zambia,,,Lusaka Metropolitan Area,,,ChIJL3hQiiWNQBkRwgsdS9A-K_Y,2021-10-22,54,61,85,8,17,4
ZM,Zambia,,,Lusaka Metropolitan Area,,,ChIJL3hQiiWNQBkRwgsdS9A-K_Y,2021-10-23,59,63,146,6,17,2
ZM,Zambia,,,Lusaka Metropolitan Area,,,ChIJL3hQiiWNQBkRwgsdS9A-K_Y,2021-10-24,61,63,166,-6,3,2
ZM,Zambia,,,Lusaka Metropolitan Area,,,ChIJL3hQiiWNQBkRwgsdS9A-K_Y,2021-10-25,46,55,126,-8,-54,16
ZM,Zambia,,,Lusaka Metropolitan Area,,,ChIJL3hQiiWNQBkRwgsdS9A-K_Y,2021-10-26,53,65,94,8,16,5
ZM,Zambia,,,Lusaka Metropolitan Area,,,ChIJL3hQiiWNQBkRwgsdS9A-K_Y,2021-10-27,49,60,87,9,17,5
ZM,Zambia,,,Lusaka Metropolitan Area,,,ChIJL3hQiiWNQBkRwgsdS9A-K_Y,2021-10-28,52,64,86,9,15,4
ZM,Zambia,,,Lusaka Metropolitan Area,,,ChIJL3hQiiWNQBkRwgsdS9A-K_Y,2021-10-29,49,64,100,12,23,5
ZM,Zambia,,,Lusaka Metropolitan Area,,,ChIJL3hQiiWNQBkRwgsdS9A-K_Y,2021-10-30,56,65,147,11,23,2
ZM,Zambia,,,Lusaka Metropolitan Area,,,ChIJL3hQiiWNQBkRwgsdS9A-K_Y,2021-10-31,52,62,146,-3,6,2
ZM,Zambia,,,Lusaka Metropolitan Area,,,ChIJL3hQiiWNQBkRwgsdS9A-K_Y,2021-11-01,47,59,90,5,19,4
ZM,Zambia,,,Lusaka Metropolitan Area,,,ChIJL3hQiiWNQBkRwgsdS9A-K_Y,2021-11-02,46,61,78,5,16,5
ZM,Zambia,,,Lusaka Metropolitan Area,,,ChIJL3hQiiWNQBkRwgsdS9A-K_Y,2021-11-03,43,53,83,3,17,4
ZM,Zambia,,,Lusaka Metropolitan Area,,,ChIJL3hQiiWNQBkRwgsdS9A-K_Y,2021-11-04,49,58,89,8,13,1
ZM,Zambia,,,Lusaka Metropolitan Area,,,ChIJL3hQiiWNQBkRwgsdS9A-K_Y,2021-11-05,51,58,87,8,21,3
ZM,Zambia,,,Lusaka Metropolitan Area,,,ChIJL3hQiiWNQBkRwgsdS9A-K_Y,2021-11-06,57,55,140,3,19,0
ZM,Zambia,,,Lusaka Metropolitan Area,,,ChIJL3hQiiWNQBkRwgsdS9A-K_Y,2021-11-07,53,59,137,-10,7,2
ZM,Zambia,,,Lusaka Metropolitan Area,,,ChIJL3hQiiWNQBkRwgsdS9A-K_Y,2021-11-08,46,53,84,1,17,3
ZM,Zambia,,,Lusaka Metropolitan Area,,,ChIJL3hQiiWNQBkRwgsdS9A-K_Y,2021-11-09,48,56,107,0,15,4
ZM,Zambia,,,Lusaka Metropolitan Area,,,ChIJL3hQiiWNQBkRwgsdS9A-K_Y,2021-11-10,45,57,85,6,16,5
ZM,Zambia,,,Lusaka Metropolitan Area,,,ChIJL3hQiiWNQBkRwgsdS9A-K_Y,2021-11-11,48,58,87,6,13,4
ZM,Zambia,,,Lusaka Metropolitan Area,,,ChIJL3hQiiWNQBkRwgsdS9A-K_Y,2021-11-12,45,50,80,1,19,5
